company_id,company_name,industry,company_size,region,plan_tier,seats_licensed,mrr,signup_date,seat_utilization,avg_features_used,avg_resolution_hours,sla_breach_rate,avg_payment_delay,payment_failures,usage_trend_pct,product_health,support_health,billing_health,trend_health,health_score,health_segment,is_churned,churn_month,churn_probability,expansion_score,expansion_flag,action_quadrant
CUST_0001,Pulse Networks,EdTech,SMB,East,Basic,38,12356,2024-10-01,0.7,8.0,19.4,0.06,0.67,0,0.04,68.95,85.9,98.67,53.85,76.9,Healthy,0,0,0.283,63.8,Not Ready,EXPAND
CUST_0002,Zenith Pvt Ltd,Healthcare,SMB,South,Basic,33,8839,2023-04-01,0.43,4.0,54.03,0.59,4.67,0,-0.25,39.9,33.8,90.67,25.0,46.3,Stable,1,2023-07-01,0.578,26.3,Not Ready,RESCUE
CUST_0003,Prime Networks,Healthcare,SMB,West,Pro,30,18602,2024-01-01,0.82,9.33,25.07,0.17,1.0,0,0.04,80.67,76.18,98.0,54.17,79.0,Healthy,0,0,0.262,71.7,Expansion-Ready,EXPAND
CUST_0004,Pulse Solutions,Healthcare,SMB,North,Pro,12,7589,2023-10-01,0.56,6.67,27.77,0.11,1.0,0,-0.14,55.56,76.97,98.0,35.71,66.4,Stable,1,2024-04-01,0.373,42.3,Not Ready,EXPAND
CUST_0005,Drift Industries,Healthcare,Enterprise,North,Pro,442,226690,2023-03-01,0.93,10.67,21.5,0.22,3.0,0,-0.02,91.6,76.02,94.0,47.56,81.6,Healthy,0,0,0.227,75.8,Expansion-Ready,EXPAND
CUST_0006,Nova Solutions,IT Services,Mid,South,Enterprise,85,94618,2023-09-01,0.86,10.67,15.17,0.1,0.67,0,-0.03,86.93,86.79,98.67,47.22,83.3,Healthy,1,2024-01-01,0.215,72.5,Not Ready,EXPAND
CUST_0007,Zenith Networks,IT Services,SMB,West,Basic,13,4449,2024-01-01,0.18,3.0,48.07,0.43,11.67,0,-0.67,20.42,46.17,76.67,0.0,35.0,At-Risk,1,2024-09-01,0.712,19.2,Not Ready,RESCUE
CUST_0008,Onyx Solutions,BFSI,Mid,North,Pro,98,60042,2023-09-01,0.8,9.0,15.37,0.0,3.33,0,-0.01,77.98,91.64,93.33,48.67,80.1,Healthy,0,0,0.252,67.6,Expansion-Ready,EXPAND
CUST_0009,Acme Enterprises,BFSI,Mid,North,Pro,174,98019,2024-02-01,0.75,8.33,13.6,0.07,2.67,0,0.02,73.12,89.37,94.67,51.55,78.3,Healthy,0,0,0.259,65.8,Expansion-Ready,EXPAND
CUST_0010,Quanta Logistics,EdTech,Mid,North,Basic,186,61080,2024-06-01,0.77,10.0,18.57,0.07,3.67,0,-0.1,79.49,85.96,92.67,40.48,77.9,Healthy,0,0,0.276,60.3,Not Ready,EXPAND
CUST_0011,Zenith Technologies,BFSI,Mid,East,Enterprise,91,120667,2024-01-01,0.76,8.33,18.63,0.18,1.33,0,-0.04,73.83,80.15,97.33,45.65,75.9,Healthy,0,0,0.263,63.2,Not Ready,EXPAND
CUST_0012,Acme Logistics,Manufacturing,Mid,East,Pro,87,54354,2023-04-01,0.74,9.67,18.93,0.43,4.0,0,0.03,76.26,67.59,92.0,53.28,73.8,Healthy,0,0,0.291,63.7,Not Ready,EXPAND
CUST_0013,Pulse Enterprises,BFSI,Mid,East,Pro,51,28176,2024-03-01,0.91,10.33,22.47,0.18,3.67,0,0.0,89.19,77.33,92.67,50.0,81.0,Healthy,0,0,0.241,75.0,Expansion-Ready,EXPAND
CUST_0014,Drift Retail,IT Services,SMB,North,Basic,22,7383,2024-06-01,0.94,11.0,15.6,0.07,5.67,0,0.11,93.14,88.14,88.67,60.53,86.1,Healthy,0,0,0.223,83.2,Expansion-Ready,EXPAND
CUST_0015,Echo0 Systems,Healthcare,SMB,South,Pro,24,13228,2023-08-01,0.96,12.0,13.57,0.12,5.0,0,0.09,97.29,86.72,90.0,59.09,87.5,Healthy,0,0,0.206,84.2,Expansion-Ready,EXPAND
CUST_0016,Bharat Retail,IT Services,Mid,South,Pro,112,74688,2024-01-01,0.94,11.33,20.0,0.11,2.0,0,-0.06,94.19,82.68,96.0,43.58,84.1,Healthy,0,0,0.214,75.5,Expansion-Ready,EXPAND
CUST_0017,Drift Enterprises,EdTech,Mid,East,Pro,142,95598,2023-02-01,0.94,11.33,23.27,0.14,6.0,0,0.09,94.24,78.69,88.0,59.45,83.9,Healthy,0,0,0.25,81.1,Expansion-Ready,EXPAND
CUST_0018,Bright Pvt Ltd,BFSI,SMB,East,Basic,36,9899,2024-08-01,0.27,3.0,53.13,0.42,15.0,0,0.0,26.2,42.9,70.0,50.0,42.7,Stable,0,0,0.722,29.8,Not Ready,RESCUE
CUST_0019,Drift Industries,Logistics,SMB,East,Basic,41,11945,2024-06-01,0.93,11.0,25.03,0.2,1.0,0,0.08,92.86,74.53,98.0,57.89,84.1,Healthy,0,0,0.226,82.1,Expansion-Ready,EXPAND
CUST_0020,Orbit Technologies,Retail,SMB,East,Basic,26,8915,2024-11-01,0.41,5.33,52.47,0.43,18.67,0,-0.18,42.22,42.62,62.67,31.82,44.9,Stable,0,0,0.695,20.6,Not Ready,RESCUE
CUST_0021,Nova Industries,EdTech,Mid,West,Pro,103,70803,2024-12-01,0.29,2.5,71.55,0.73,8.5,0,-0.26,25.91,13.97,83.0,23.53,34.0,At-Risk,0,0,0.734,19.7,Not Ready,RESCUE
CUST_0022,Indus Technologies,Retail,SMB,West,Basic,47,14659,2023-07-01,0.06,0.67,28.43,0.13,6.0,0,-0.4,6.09,75.58,88.0,10.0,40.4,Stable,0,0,0.638,23.5,Not Ready,RESCUE
CUST_0023,Echo0 Networks,EdTech,Mid,East,Enterprise,143,162640,2023-05-01,0.78,10.0,13.87,0.08,1.67,0,-0.1,80.08,88.9,96.67,39.66,79.5,Healthy,0,0,0.243,62.5,Not Ready,EXPAND
CUST_0024,Pulse Solutions,Retail,SMB,East,Basic,41,13925,2023-09-01,0.39,4.67,45.07,0.38,9.67,0,-0.24,38.98,50.76,80.67,26.47,48.4,Stable,1,2024-08-01,0.6,24.9,Not Ready,RESCUE
CUST_0025,Apex Industries,Healthcare,SMB,West,Basic,34,10326,2023-11-01,0.15,2.0,73.7,0.78,21.67,0,1.33,15.39,10.94,56.67,100.0,35.2,At-Risk,1,2024-02-01,0.855,33.8,Not Ready,RESCUE
CUST_0026,Orbit Labs,EdTech,Mid,East,Pro,110,75825,2024-01-01,0.75,10.0,22.07,0.12,2.33,0,-0.08,77.82,80.47,95.33,41.86,76.6,Healthy,0,0,0.286,60.1,Not Ready,EXPAND
CUST_0027,Acme Pvt Ltd,Healthcare,SMB,East,Pro,44,29145,2024-09-01,0.77,9.33,15.03,0.14,1.33,0,0.0,77.45,84.74,97.33,50.0,79.1,Healthy,0,0,0.248,66.8,Expansion-Ready,EXPAND
CUST_0028,Crest Solutions,Logistics,Enterprise,South,Enterprise,304,311086,2023-04-01,0.87,9.33,22.13,0.0,5.67,0,-0.19,83.95,86.67,88.67,31.4,77.7,Healthy,0,0,0.267,61.2,Not Ready,EXPAND
CUST_0029,Onyx Retail,BFSI,SMB,East,Basic,50,12831,2024-03-01,0.36,4.33,71.83,0.72,19.67,1,-0.12,36.04,14.12,36.67,37.5,30.9,At-Risk,1,2024-05-01,0.785,18.0,Not Ready,RESCUE
CUST_0030,Sankalp Systems,IT Services,Mid,North,Pro,83,49931,2024-11-01,0.55,7.33,25.07,0.1,2.67,0,-0.04,57.15,79.51,94.67,45.74,68.5,Stable,0,0,0.38,46.5,Not Ready,EXPAND
CUST_0031,Vega Technologies,Manufacturing,SMB,West,Pro,17,11102,2023-02-01,0.69,7.67,12.6,0.12,3.33,0,0.0,66.97,87.79,93.33,50.0,74.9,Healthy,0,0,0.281,59.8,Not Ready,EXPAND
CUST_0032,Bharat Labs,IT Services,Mid,East,Pro,197,127722,2024-06-01,0.37,3.67,37.9,0.27,5.0,0,-0.07,34.78,61.61,90.0,42.77,53.7,Stable,0,0,0.536,35.2,Not Ready,RESCUE
CUST_0033,Apex Technologies,Healthcare,Mid,East,Enterprise,87,102150,2024-10-01,0.88,10.33,10.1,0.22,1.33,0,-0.01,87.17,84.4,97.33,48.65,82.7,Healthy,0,0,0.198,74.6,Expansion-Ready,EXPAND
CUST_0034,Bright Systems,Logistics,SMB,East,Pro,41,23248,2024-07-01,0.86,11.0,14.2,0.17,3.67,0,0.12,88.1,84.17,92.67,62.5,84.2,Healthy,0,0,0.231,79.0,Expansion-Ready,EXPAND
CUST_0035,Zenith Networks,Logistics,Mid,South,Pro,74,46679,2024-12-01,0.39,5.0,55.05,0.5,25.5,0,-0.07,40.06,37.46,49.0,43.33,41.7,Stable,0,0,0.76,22.0,Not Ready,RESCUE
CUST_0036,Apex Solutions,Retail,Mid,West,Pro,187,107470,2023-11-01,0.96,12.0,18.07,0.11,0.0,0,-0.1,97.1,84.1,100.0,40.27,85.9,Healthy,0,0,0.191,76.2,Expansion-Ready,EXPAND
CUST_0037,Onyx Logistics,BFSI,Enterprise,East,Enterprise,236,295940,2024-03-01,0.89,10.33,23.83,0.0,5.0,0,-0.04,87.98,85.42,90.0,46.36,81.5,Healthy,1,2024-08-01,0.262,71.2,Not Ready,EXPAND
CUST_0038,Prime Retail,Logistics,SMB,South,Basic,11,3470,2024-08-01,0.85,10.33,26.73,0.11,6.0,0,0.11,85.29,77.73,88.0,61.11,80.3,Healthy,0,0,0.294,75.2,Expansion-Ready,EXPAND
CUST_0039,Bharat Labs,BFSI,SMB,West,Basic,46,14917,2024-01-01,0.1,3.33,67.77,0.64,23.33,0,-0.86,16.32,21.11,53.33,0.0,22.5,At-Risk,0,0,0.861,9.9,Not Ready,RESCUE
CUST_0040,Drift Solutions,Healthcare,Mid,South,Pro,166,105561,2023-09-01,0.29,3.67,40.93,0.3,9.67,0,-0.24,29.36,57.84,80.67,26.36,46.3,Stable,0,0,0.625,24.0,Not Ready,RESCUE
CUST_0041,Orbit Networks,Manufacturing,SMB,South,Basic,26,7644,2024-12-01,0.29,4.0,54.95,0.47,12.5,0,-0.12,30.42,39.01,75.0,37.5,42.5,Stable,0,0,0.703,24.9,Not Ready,RESCUE
CUST_0042,Vega Solutions,IT Services,Mid,South,Pro,187,97328,2023-02-01,0.34,4.33,34.17,0.23,5.0,0,0.0,34.54,66.28,90.0,50.0,55.9,Stable,1,2024-08-01,0.533,39.3,Not Ready,RESCUE
CUST_0043,Apex Networks,EdTech,Mid,North,Pro,167,100701,2023-06-01,0.75,9.0,12.07,0.0,3.0,0,0.02,74.9,94.07,94.0,51.52,80.0,Healthy,0,0,0.256,66.2,Expansion-Ready,EXPAND
CUST_0044,Sankalp Retail,Manufacturing,SMB,West,Basic,38,9847,2024-06-01,0.51,6.0,45.43,0.35,2.67,0,-0.22,50.57,52.14,94.67,28.26,56.4,Stable,0,0,0.487,31.5,Not Ready,RESCUE
CUST_0045,Orbit Industries,Logistics,SMB,South,Basic,35,10416,2023-02-01,0.15,1.67,24.63,0.04,10.0,0,0.0,14.77,82.83,80.0,50.0,50.1,Stable,0,0,0.618,34.9,Not Ready,RESCUE
CUST_0046,Acme Pvt Ltd,Manufacturing,Enterprise,North,Basic,300,86614,2024-08-01,0.89,10.33,21.03,0.06,6.33,0,0.05,87.84,84.35,87.33,54.65,81.9,Healthy,0,0,0.261,75.4,Expansion-Ready,EXPAND
CUST_0047,Bharat Solutions,EdTech,SMB,West,Pro,33,22438,2024-09-01,0.52,6.0,42.27,0.3,5.33,0,-0.2,50.98,56.65,89.33,30.0,56.9,Stable,0,0,0.492,31.3,Not Ready,RESCUE
CUST_0048,Bright Solutions,Manufacturing,SMB,East,Pro,46,30253,2023-09-01,0.02,0.67,99.37,1.0,17.0,0,0.0,3.36,0.0,66.0,50.0,22.0,At-Risk,0,0,0.909,21.2,Not Ready,RESCUE
CUST_0049,Zenith Logistics,Retail,Mid,East,Pro,131,75897,2023-11-01,0.8,9.67,21.33,0.15,3.33,0,0.02,80.46,79.56,93.33,51.92,78.5,Healthy,0,0,0.273,68.4,Expansion-Ready,EXPAND
CUST_0050,Nova Networks,Manufacturing,SMB,North,Pro,20,12846,2024-10-01,0.67,7.33,17.67,0.13,4.0,0,0.0,64.72,83.28,92.0,50.0,72.6,Healthy,0,0,0.312,57.3,Not Ready,EXPAND
CUST_0051,Orbit Technologies,BFSI,Mid,North,Pro,149,85967,2023-08-01,0.83,9.33,16.47,0.06,2.0,0,-0.07,80.88,87.71,96.0,42.68,79.9,Healthy,0,0,0.237,67.1,Expansion-Ready,EXPAND
CUST_0052,Onyx Enterprises,IT Services,Mid,North,Basic,149,50098,2024-09-01,0.76,8.33,26.53,0.19,1.0,0,0.14,73.75,74.06,98.0,63.64,77.2,Healthy,0,0,0.289,72.2,Expansion-Ready,EXPAND
CUST_0053,Bharat Enterprises,BFSI,Enterprise,West,Pro,377,257316,2024-08-01,0.5,6.33,37.33,0.26,11.0,0,0.12,50.66,62.53,78.0,62.29,60.8,Stable,1,2025-01-01,0.529,44.6,Not Ready,RESCUE
CUST_0054,Orbit Logistics,Healthcare,Enterprise,North,Enterprise,252,314360,2024-10-01,0.79,9.33,21.87,0.07,1.67,0,0.06,78.55,83.29,96.67,56.31,80.0,Healthy,0,0,0.266,70.9,Expansion-Ready,EXPAND
CUST_0055,Bright Networks,BFSI,Mid,South,Enterprise,103,134339,2024-02-01,0.96,11.67,13.0,0.2,2.67,0,-0.07,96.5,83.38,94.67,43.2,84.9,Healthy,0,0,0.192,76.6,Expansion-Ready,EXPAND
CUST_0056,Crest Enterprises,Logistics,Mid,South,Pro,183,111312,2023-12-01,0.35,4.33,18.0,0.04,1.67,0,0.28,35.49,87.62,96.67,78.07,67.1,Stable,0,0,0.427,54.8,Not Ready,NURTURE
CUST_0057,Crest Networks,Logistics,Mid,North,Pro,57,31353,2023-10-01,0.86,10.33,21.77,0.12,0.67,0,-0.02,86.02,80.69,98.67,47.96,81.5,Healthy,0,0,0.236,72.2,Expansion-Ready,EXPAND
CUST_0058,Drift Technologies,BFSI,Mid,East,Pro,133,88493,2024-11-01,0.75,8.67,18.2,0.06,1.0,0,0.0,74.15,86.43,98.0,50.0,78.4,Healthy,0,0,0.263,65.3,Expansion-Ready,EXPAND
CUST_0059,Bharat Systems,BFSI,Enterprise,East,Pro,332,211640,2024-08-01,0.84,10.33,15.1,0.09,6.33,0,0.07,84.63,87.29,87.33,57.14,81.7,Healthy,0,0,0.258,73.3,Expansion-Ready,EXPAND
CUST_0060,Crest Networks,Healthcare,SMB,West,Basic,28,8381,2024-02-01,0.37,3.67,25.87,0.04,11.33,0,-0.25,34.68,82.14,77.33,25.0,53.6,Stable,0,0,0.539,26.5,Not Ready,RESCUE
CUST_0061,Prime Enterprises,Retail,Mid,South,Pro,177,114038,2024-02-01,0.29,3.67,91.3,0.92,16.33,0,0.09,29.3,4.17,67.33,58.51,35.0,At-Risk,1,2024-05-01,0.839,30.2,Not Ready,RESCUE
CUST_0062,Indus Labs,Healthcare,SMB,East,Basic,41,11645,2024-05-01,0.23,2.33,57.83,0.53,17.0,0,-0.2,21.6,33.85,66.0,30.0,34.8,At-Risk,1,2024-08-01,0.766,16.5,Not Ready,RESCUE
CUST_0063,Acme Labs,IT Services,Mid,South,Basic,196,53804,2024-04-01,0.82,10.67,26.03,0.25,3.0,0,-0.01,84.39,71.3,94.0,49.36,77.8,Healthy,0,0,0.28,67.9,Expansion-Ready,EXPAND
CUST_0064,Quanta Systems,Healthcare,SMB,West,Basic,32,8969,2024-05-01,0.14,2.0,68.4,0.69,8.67,0,-0.5,14.64,17.92,82.67,0.0,26.9,At-Risk,0,0,0.775,17.2,Not Ready,RESCUE
CUST_0065,Crest Labs,Retail,Mid,West,Basic,58,18166,2023-09-01,0.9,9.33,13.4,0.1,1.0,0,-0.04,85.5,88.09,98.0,46.23,82.8,Healthy,0,0,0.2,74.4,Expansion-Ready,EXPAND
CUST_0066,Onyx Logistics,Manufacturing,Enterprise,South,Pro,345,201485,2024-02-01,0.86,10.67,21.8,0.12,1.33,0,0.11,86.69,80.66,97.33,61.47,83.5,Healthy,0,0,0.24,78.9,Expansion-Ready,EXPAND
CUST_0067,Crest Labs,BFSI,Enterprise,West,Enterprise,456,616012,2023-11-01,0.78,9.33,24.5,0.17,1.0,0,-0.09,78.11,76.59,98.0,40.59,76.1,Healthy,0,0,0.275,61.9,Not Ready,EXPAND
CUST_0068,Prime Technologies,Logistics,SMB,North,Basic,10,3436,2023-12-01,0.43,4.33,21.43,0.08,13.33,0,0.25,40.81,83.18,73.33,75.0,63.0,Stable,0,0,0.511,48.6,Not Ready,RESCUE
CUST_0069,Orbit Labs,IT Services,SMB,East,Basic,10,2617,2024-06-01,0.47,6.0,20.0,0.12,2.0,0,-0.2,47.83,82.47,96.0,30.0,63.4,Stable,0,0,0.387,34.4,Not Ready,MONITOR
CUST_0070,Sankalp Enterprises,IT Services,Mid,North,Enterprise,103,136564,2024-06-01,0.8,9.33,21.47,0.17,3.0,0,-0.06,79.39,78.82,94.0,44.19,76.9,Healthy,1,2024-08-01,0.271,64.2,Not Ready,EXPAND
CUST_0071,Zenith Pvt Ltd,BFSI,Enterprise,South,Pro,405,270572,2023-09-01,0.58,6.0,38.53,0.32,8.67,0,-0.02,55.38,58.7,82.67,48.34,60.6,Stable,1,2024-08-01,0.478,43.9,Not Ready,RESCUE
CUST_0072,Bharat Labs,IT Services,SMB,South,Basic,12,3980,2024-11-01,0.44,4.67,27.37,0.15,3.0,0,-0.17,42.5,75.32,94.0,33.33,59.6,Stable,0,0,0.44,33.8,Not Ready,RESCUE
CUST_0073,Orbit Labs,IT Services,Mid,South,Basic,195,50230,2024-04-01,0.44,5.67,37.17,0.3,3.0,0,-0.17,45.08,60.8,94.0,32.65,56.9,Stable,0,0,0.484,32.5,Not Ready,RESCUE
CUST_0074,Crest Solutions,Logistics,Mid,South,Basic,153,39215,2023-07-01,0.73,8.67,23.9,0.29,1.67,0,0.14,73.0,71.08,96.67,63.59,75.8,Healthy,0,0,0.295,69.8,Expansion-Ready,EXPAND
CUST_0075,Bright Logistics,Retail,Mid,North,Pro,102,60298,2024-04-01,0.74,9.0,22.03,0.2,4.0,0,0.0,74.04,76.74,92.0,50.0,74.7,Healthy,0,0,0.302,62.2,Not Ready,EXPAND
CUST_0076,Orbit Solutions,IT Services,Mid,North,Enterprise,188,225066,2024-09-01,0.84,10.0,26.9,0.33,1.33,0,-0.18,83.91,66.5,97.33,32.42,74.5,Healthy,0,0,0.264,60.6,Not Ready,EXPAND
CUST_0077,Onyx Systems,Healthcare,SMB,West,Basic,20,5331,2024-12-01,0.68,9.0,31.05,0.27,5.5,0,-0.07,70.12,66.47,89.0,42.86,68.9,Stable,0,0,0.374,52.1,Not Ready,EXPAND
CUST_0078,Echo0 Logistics,Manufacturing,Mid,North,Enterprise,75,89296,2024-07-01,0.63,7.67,37.53,0.21,6.67,0,-0.2,63.09,64.63,86.67,29.63,63.2,Stable,0,0,0.434,39.9,Not Ready,RESCUE
CUST_0079,Bharat Networks,IT Services,SMB,South,Basic,31,8241,2023-10-01,0.83,9.33,20.17,0.23,3.33,0,-0.18,81.04,76.57,93.33,32.14,75.0,Healthy,0,0,0.258,59.6,Not Ready,EXPAND
CUST_0080,Vega Pvt Ltd,IT Services,SMB,East,Pro,35,18097,2024-04-01,0.77,9.0,14.73,0.04,0.0,0,-0.14,76.39,90.32,100.0,36.21,78.6,Healthy,0,0,0.238,60.3,Not Ready,EXPAND
CUST_0081,Prime Logistics,Manufacturing,Enterprise,West,Basic,261,86951,2023-09-01,0.78,8.67,11.93,0.1,0.33,0,-0.03,76.25,89.17,99.33,47.03,79.7,Healthy,0,0,0.228,66.7,Expansion-Ready,EXPAND
CUST_0082,Zenith Networks,IT Services,SMB,East,Basic,31,10025,2024-03-01,0.77,9.33,21.53,0.15,0.0,0,-0.04,77.54,79.42,100.0,46.0,77.8,Healthy,0,0,0.261,64.7,Not Ready,EXPAND
CUST_0083,Vega Solutions,Logistics,SMB,South,Pro,16,10591,2023-12-01,0.85,10.0,18.3,0.0,5.33,0,0.0,84.69,89.49,89.33,50.0,81.6,Healthy,0,0,0.259,70.7,Expansion-Ready,EXPAND
CUST_0084,Pulse Enterprises,Retail,Mid,East,Basic,65,20888,2023-11-01,0.48,4.67,22.17,0.1,6.0,0,-0.24,44.94,81.8,88.0,26.47,60.0,Stable,1,2024-02-01,0.426,31.6,Not Ready,RESCUE
CUST_0085,Bright Logistics,Retail,SMB,North,Pro,34,20972,2023-05-01,0.83,10.67,29.97,0.17,0.0,0,-0.1,85.28,72.57,100.0,39.66,78.2,Healthy,0,0,0.269,65.3,Expansion-Ready,EXPAND
CUST_0086,Quanta Technologies,Healthcare,SMB,East,Basic,45,13851,2023-09-01,0.57,7.33,37.6,0.25,4.0,0,0.13,58.46,62.79,92.0,63.04,66.9,Stable,1,2024-05-01,0.437,54.5,Not Ready,NURTURE
CUST_0087,Lotus Systems,Manufacturing,SMB,North,Basic,46,14404,2023-03-01,0.84,9.67,20.37,0.07,3.0,0,0.05,82.83,84.63,94.0,55.26,81.4,Healthy,0,0,0.253,73.5,Expansion-Ready,EXPAND
CUST_0088,Nova Pvt Ltd,BFSI,SMB,North,Basic,31,8924,2024-05-01,0.94,11.0,12.43,0.0,2.67,0,-0.07,92.89,93.8,94.67,43.1,86.0,Healthy,0,0,0.196,75.6,Expansion-Ready,EXPAND
CUST_0089,Zenith Retail,Healthcare,SMB,East,Basic,40,13736,2023-07-01,0.1,1.67,33.53,0.2,2.0,0,-0.67,11.36,68.28,96.0,0.0,40.8,Stable,1,2024-11-01,0.609,25.4,Not Ready,RESCUE
CUST_0090,Echo0 Enterprises,Logistics,Enterprise,East,Enterprise,334,399687,2023-07-01,0.25,3.33,41.23,0.33,8.67,0,0.06,26.2,55.96,82.67,55.75,49.4,Stable,0,0,0.635,37.9,Not Ready,RESCUE
CUST_0091,Nova Logistics,Healthcare,Mid,North,Pro,76,49286,2023-07-01,0.96,11.67,10.0,0.12,0.67,0,0.15,96.18,89.34,98.67,65.15,90.3,Healthy,0,0,0.173,89.9,Expansion-Ready,EXPAND
CUST_0092,Orbit Retail,Manufacturing,Mid,East,Basic,190,58891,2023-07-01,0.3,4.0,85.1,0.91,12.0,0,-0.25,31.17,4.55,76.0,24.63,32.5,At-Risk,1,2023-09-01,0.797,17.2,Not Ready,RESCUE
CUST_0093,Bright Solutions,Manufacturing,Mid,West,Pro,184,98291,2024-12-01,0.92,11.5,22.35,0.22,1.0,0,0.07,93.24,75.4,98.0,57.36,84.4,Healthy,0,0,0.221,81.2,Expansion-Ready,EXPAND
CUST_0094,Indus Pvt Ltd,IT Services,Mid,East,Basic,115,29353,2023-10-01,0.1,1.33,58.73,0.54,21.0,1,-0.87,10.29,32.67,34.0,0.0,19.1,At-Risk,1,2024-09-01,0.829,10.3,Not Ready,RESCUE
CUST_0095,Crest Labs,EdTech,Mid,North,Enterprise,145,191258,2024-01-01,1.0,11.67,21.7,0.12,0.0,0,0.0,98.88,80.74,100.0,50.0,87.2,Healthy,0,0,0.19,83.9,Expansion-Ready,EXPAND
CUST_0096,Quanta Enterprises,Manufacturing,SMB,South,Basic,44,14154,2024-11-01,0.27,2.67,88.83,0.97,25.33,1,-0.25,25.51,1.43,25.33,25.0,19.4,At-Risk,0,0,0.877,9.7,Not Ready,RESCUE
CUST_0097,Nova Enterprises,Manufacturing,Mid,South,Basic,85,27906,2024-03-01,0.49,6.0,32.2,0.12,1.33,0,0.05,49.36,73.01,97.33,55.26,65.8,Stable,0,0,0.425,47.1,Not Ready,NURTURE
CUST_0098,Vertex Technologies,BFSI,SMB,East,Basic,49,15642,2024-08-01,0.16,2.0,62.1,0.61,22.0,1,0.33,16.0,26.92,32.0,83.33,32.0,At-Risk,0,0,0.827,33.6,Not Ready,RESCUE
CUST_0099,Quanta Pvt Ltd,EdTech,Mid,East,Enterprise,195,225849,2024-03-01,0.99,11.67,25.77,0.11,2.67,0,0.03,98.25,78.44,94.67,52.65,85.7,Healthy,0,0,0.22,83.1,Expansion-Ready,EXPAND
CUST_0100,Drift Technologies,Healthcare,SMB,South,Basic,15,4811,2023-11-01,0.84,10.67,15.27,0.18,5.0,0,0.17,86.0,82.89,90.0,66.67,83.1,Healthy,0,0,0.25,79.3,Expansion-Ready,EXPAND
CUST_0101,Acme Retail,IT Services,Enterprise,South,Pro,357,202101,2023-06-01,0.88,11.0,18.6,0.11,3.33,0,0.04,89.01,83.71,93.33,53.82,83.3,Healthy,0,0,0.236,76.0,Expansion-Ready,EXPAND
CUST_0102,Vega Retail,Manufacturing,Mid,West,Enterprise,173,182869,2024-02-01,0.38,4.67,27.43,0.14,5.67,0,-0.23,38.53,75.95,88.67,26.71,56.1,Stable,0,0,0.491,29.8,Not Ready,RESCUE
CUST_0103,Nova Solutions,EdTech,Mid,East,Enterprise,65,69808,2024-04-01,0.9,10.67,24.2,0.0,2.33,0,-0.05,89.78,85.15,95.33,44.92,83.0,Healthy,0,0,0.241,72.9,Expansion-Ready,EXPAND
CUST_0104,Indus Networks,IT Services,Mid,South,Pro,86,53132,2024-09-01,0.57,7.33,21.0,0.09,7.33,0,-0.1,58.17,82.95,85.33,40.0,67.1,Stable,0,0,0.394,42.6,Not Ready,EXPAND
CUST_0105,Quanta Solutions,Retail,SMB,North,Pro,35,18816,2024-02-01,0.7,9.33,24.27,0.09,2.67,0,-0.04,73.03,80.55,94.67,46.0,75.2,Healthy,1,2024-10-01,0.316,58.2,Not Ready,EXPAND
CUST_0106,Orbit Pvt Ltd,BFSI,SMB,South,Basic,21,7091,2023-06-01,0.25,2.67,25.93,0.15,2.67,0,-0.14,24.29,76.47,94.67,35.71,53.1,Stable,0,0,0.516,32.6,Not Ready,RESCUE
CUST_0107,Quanta Enterprises,IT Services,Mid,East,Pro,81,47493,2024-03-01,0.78,8.67,14.33,0.06,7.33,0,-0.08,75.83,89.28,85.33,42.42,76.1,Healthy,0,0,0.284,60.1,Not Ready,EXPAND
CUST_0108,Acme Systems,BFSI,SMB,East,Enterprise,46,60812,2024-11-01,0.28,3.33,52.13,0.47,8.0,0,-0.53,27.62,41.27,84.0,0.0,38.2,At-Risk,0,0,0.661,22.0,Not Ready,RESCUE
CUST_0109,Drift Enterprises,Manufacturing,Mid,South,Pro,199,128149,2023-11-01,0.37,3.67,27.83,0.1,6.0,0,-0.23,34.76,77.48,88.0,26.74,54.9,Stable,0,0,0.5,29.2,Not Ready,RESCUE
CUST_0110,Crest Solutions,EdTech,SMB,North,Pro,34,22988,2023-08-01,0.03,0.0,86.9,0.91,20.33,1,0.0,1.91,4.29,35.33,50.0,16.4,At-Risk,0,0,0.899,18.6,Not Ready,RESCUE
CUST_0111,Drift Systems,Manufacturing,Mid,West,Enterprise,158,175279,2023-08-01,0.91,11.0,15.87,0.12,1.67,0,-0.07,91.32,85.39,96.67,42.62,83.6,Healthy,0,0,0.208,73.3,Expansion-Ready,EXPAND
CUST_0112,Prime Industries,Retail,SMB,West,Basic,38,11852,2024-07-01,0.48,5.67,39.57,0.3,7.67,0,-0.15,47.89,58.85,84.67,35.0,56.1,Stable,0,0,0.519,31.2,Not Ready,RESCUE
CUST_0113,Prime Industries,Retail,SMB,West,Basic,29,7617,2023-09-01,0.05,0.33,55.2,0.47,23.33,2,-0.5,3.96,38.74,29.33,0.0,17.1,At-Risk,1,2024-07-01,0.844,9.6,Not Ready,RESCUE
CUST_0114,Lotus Pvt Ltd,EdTech,SMB,South,Basic,32,10463,2024-06-01,0.93,10.33,10.67,0.05,8.0,0,0.0,90.4,92.83,84.0,50.0,83.7,Healthy,0,0,0.225,75.7,Expansion-Ready,EXPAND
CUST_0115,Echo0 Retail,Retail,SMB,West,Basic,11,3281,2023-07-01,0.12,1.0,92.53,1.0,24.0,2,0.0,10.8,0.0,28.0,50.0,17.4,At-Risk,1,2024-02-01,0.905,18.8,Not Ready,RESCUE
CUST_0116,Zenith Technologies,BFSI,Enterprise,East,Pro,331,184940,2024-03-01,0.02,1.0,71.4,0.69,23.33,0,0.0,4.29,15.72,53.33,50.0,23.8,At-Risk,0,0,0.884,19.9,Not Ready,RESCUE
CUST_0117,Apex Pvt Ltd,BFSI,SMB,East,Pro,16,8238,2024-12-01,0.38,4.0,78.8,0.8,29.0,2,0.0,36.04,10.0,18.0,50.0,28.0,At-Risk,0,0,0.848,22.3,Not Ready,RESCUE
CUST_0118,Echo0 Technologies,Healthcare,Mid,East,Basic,122,39893,2023-04-01,0.11,1.33,45.8,0.36,2.67,0,0.0,11.35,51.26,94.67,50.0,43.8,Stable,0,0,0.661,35.1,Not Ready,RESCUE
CUST_0119,Sankalp Retail,Healthcare,Mid,North,Pro,85,54400,2025-01-01,0.88,9.0,19.8,0.25,2.0,0,0.0,83.6,75.88,96.0,50.0,79.1,Healthy,0,0,0.232,73.4,Expansion-Ready,EXPAND
CUST_0120,Bright Industries,Retail,SMB,East,Basic,23,7720,2023-08-01,0.74,8.67,15.33,0.06,1.33,0,0.0,73.32,88.89,97.33,50.0,78.5,Healthy,0,0,0.259,64.7,Not Ready,EXPAND
CUST_0121,Zenith Technologies,BFSI,Mid,North,Basic,162,49810,2024-07-01,0.15,2.0,42.57,0.33,20.67,1,-0.08,15.73,54.98,34.67,42.0,33.3,At-Risk,0,0,0.766,20.8,Not Ready,RESCUE
CUST_0122,Orbit Labs,IT Services,SMB,West,Basic,11,2838,2024-09-01,0.73,8.0,14.47,0.08,1.67,0,0.0,70.61,88.3,96.67,50.0,77.2,Healthy,0,0,0.262,63.6,Not Ready,EXPAND
CUST_0123,Bharat Pvt Ltd,Retail,Mid,South,Pro,103,70114,2024-11-01,0.58,6.67,34.47,0.21,12.0,0,-0.26,57.31,66.88,76.0,23.97,58.4,Stable,0,0,0.49,33.0,Not Ready,RESCUE
CUST_0124,Crest Logistics,Retail,Mid,South,Enterprise,109,142566,2024-06-01,0.54,6.0,19.37,0.09,3.33,0,-0.08,52.68,84.35,93.33,42.06,67.1,Stable,0,0,0.366,43.6,Not Ready,EXPAND
CUST_0125,Sankalp Retail,Logistics,Mid,South,Pro,75,40131,2023-12-01,0.54,7.0,37.03,0.2,7.33,0,-0.14,55.37,65.71,85.33,36.36,61.1,Stable,1,2024-07-01,0.477,36.1,Not Ready,RESCUE
CUST_0126,Bright Retail,Retail,Enterprise,South,Pro,298,152966,2024-07-01,0.16,2.0,83.9,0.88,20.67,0,-0.31,16.45,5.77,58.67,18.63,22.5,At-Risk,0,0,0.871,10.7,Not Ready,RESCUE
CUST_0127,Bright Systems,Manufacturing,SMB,East,Pro,46,30330,2024-12-01,0.93,11.5,13.95,0.25,2.5,0,-0.05,94.3,80.18,95.0,45.45,83.6,Healthy,0,0,0.202,75.3,Expansion-Ready,EXPAND
CUST_0128,Pulse Networks,Manufacturing,Enterprise,North,Enterprise,334,370827,2024-02-01,0.84,10.33,24.07,0.15,1.0,0,-0.13,84.57,77.55,98.0,37.09,78.4,Healthy,0,0,0.252,64.4,Not Ready,EXPAND
CUST_0129,Indus Technologies,EdTech,SMB,North,Pro,37,21680,2023-03-01,0.78,10.0,14.67,0.29,5.33,0,0.0,80.11,77.87,89.33,50.0,76.9,Healthy,0,0,0.27,65.2,Expansion-Ready,EXPAND
CUST_0130,Nova Technologies,EdTech,Mid,East,Basic,76,25105,2023-12-01,0.76,8.0,22.13,0.05,0.67,0,-0.03,72.94,84.17,98.67,46.61,76.9,Healthy,0,0,0.271,64.0,Not Ready,EXPAND
CUST_0131,Orbit Pvt Ltd,Retail,Mid,South,Pro,104,65463,2024-11-01,0.71,8.33,20.8,0.21,7.33,0,0.08,70.56,76.93,85.33,58.0,73.2,Healthy,0,0,0.335,62.4,Not Ready,EXPAND
CUST_0132,Lotus Solutions,Retail,SMB,South,Basic,29,9591,2024-06-01,0.36,4.0,20.8,0.08,5.33,0,-0.27,34.83,83.8,89.33,22.73,56.2,Stable,0,0,0.468,30.3,Not Ready,RESCUE
CUST_0133,Quanta Networks,Retail,SMB,East,Basic,18,5769,2023-12-01,0.24,2.0,82.93,0.87,19.67,0,-0.4,21.48,6.52,60.67,10.0,23.9,At-Risk,1,2024-04-01,0.847,11.7,Not Ready,RESCUE
CUST_0134,Zenith Logistics,Manufacturing,SMB,West,Basic,46,15736,2023-07-01,0.02,0.33,88.93,0.97,16.0,0,0.0,2.39,1.43,68.0,50.0,22.4,At-Risk,1,2025-01-01,0.889,21.9,Not Ready,RESCUE
CUST_0135,Prime Pvt Ltd,EdTech,Mid,West,Basic,99,33711,2024-12-01,0.81,10.5,28.8,0.14,5.5,0,0.01,83.48,74.62,89.0,51.25,77.5,Healthy,0,0,0.313,66.9,Expansion-Ready,EXPAND
CUST_0136,Quanta Enterprises,Logistics,Mid,North,Pro,131,83133,2023-07-01,0.93,11.33,12.97,0.0,1.33,0,0.05,93.26,93.41,97.33,55.13,88.4,Healthy,0,0,0.192,82.1,Expansion-Ready,EXPAND
CUST_0137,Bright Industries,Retail,Mid,East,Enterprise,109,148224,2024-04-01,0.31,3.33,44.37,0.35,10.33,0,0.8,29.8,52.58,79.33,100.0,55.9,Stable,0,0,0.637,46.0,Not Ready,RESCUE
CUST_0138,Pulse Enterprises,EdTech,Mid,West,Enterprise,136,140381,2024-10-01,0.75,9.67,17.5,0.23,2.0,0,0.0,76.94,78.54,96.0,50.0,77.1,Healthy,0,0,0.268,64.6,Not Ready,EXPAND
CUST_0139,Pulse Logistics,Logistics,SMB,East,Pro,32,20611,2024-09-01,0.92,11.0,17.87,0.22,2.0,0,0.0,91.67,78.69,96.0,50.0,83.0,Healthy,0,0,0.213,77.1,Expansion-Ready,EXPAND
CUST_0140,Lotus Solutions,EdTech,Mid,North,Pro,67,38568,2024-01-01,0.86,10.0,24.47,0.12,2.0,0,0.04,85.11,79.07,96.0,53.57,81.0,Healthy,0,0,0.254,74.4,Expansion-Ready,EXPAND
CUST_0141,Lotus Solutions,Retail,Mid,West,Pro,158,103445,2023-05-01,0.36,3.33,27.33,0.16,2.0,0,-0.14,33.03,74.95,96.0,35.71,56.5,Stable,1,2024-06-01,0.467,34.5,Not Ready,RESCUE
CUST_0142,Lotus Solutions,EdTech,SMB,East,Basic,11,3666,2024-12-01,0.82,9.5,17.25,0.14,5.5,0,0.0,80.89,83.11,89.0,50.0,78.4,Healthy,0,0,0.267,68.0,Expansion-Ready,EXPAND
CUST_0143,Bharat Enterprises,Healthcare,Enterprise,East,Enterprise,229,266715,2024-10-01,0.74,8.67,23.8,0.19,3.33,0,-0.11,73.15,76.07,93.33,38.95,72.8,Healthy,0,0,0.304,56.4,Not Ready,EXPAND
CUST_0144,Acme Technologies,EdTech,SMB,North,Basic,39,11423,2023-06-01,0.35,4.0,27.53,0.13,8.0,0,-0.19,34.44,76.03,84.0,31.25,54.3,Stable,1,2024-02-01,0.526,28.5,Not Ready,RESCUE
CUST_0145,Onyx Technologies,Manufacturing,SMB,South,Pro,39,24913,2023-06-01,0.21,2.0,21.1,0.0,8.67,0,-0.55,19.17,87.43,82.67,0.0,46.1,Stable,0,0,0.566,25.1,Not Ready,RESCUE
CUST_0146,Orbit Labs,EdTech,SMB,West,Basic,24,7588,2024-01-01,0.79,9.67,19.33,0.0,2.33,0,0.29,79.65,88.73,95.33,79.41,85.0,Healthy,0,0,0.262,78.9,Expansion-Ready,EXPAND
CUST_0147,Drift Retail,EdTech,SMB,West,Basic,33,10236,2023-08-01,0.22,3.0,22.1,0.05,6.67,0,-0.12,23.19,84.06,86.67,37.5,53.3,Stable,0,0,0.548,31.9,Not Ready,RESCUE
CUST_0148,Bright Solutions,Retail,Enterprise,South,Pro,263,173452,2024-03-01,0.86,10.0,14.1,0.07,2.67,0,-0.14,85.35,89.24,94.67,36.48,80.9,Healthy,1,2024-10-01,0.224,65.6,Not Ready,EXPAND
CUST_0149,Vega Industries,Retail,SMB,North,Pro,12,7849,2024-11-01,0.33,4.0,75.87,0.81,17.0,0,0.0,33.33,9.68,66.0,50.0,36.5,At-Risk,0,0,0.79,26.6,Not Ready,RESCUE
CUST_0150,Crest Technologies,EdTech,Enterprise,West,Pro,441,256363,2024-07-01,0.51,5.33,30.2,0.17,9.33,0,-0.01,48.77,72.4,81.33,49.04,61.2,Stable,0,0,0.478,40.1,Not Ready,RESCUE
CUST_0151,Nova Labs,Logistics,SMB,East,Basic,22,6673,2023-10-01,0.44,4.67,27.83,0.14,6.0,0,0.11,42.17,75.33,88.0,61.11,62.5,Stable,0,0,0.469,47.1,Not Ready,RESCUE
CUST_0152,Bharat Networks,Retail,Enterprise,East,Pro,323,216401,2023-03-01,0.28,3.0,45.87,0.44,11.33,0,-0.16,26.93,47.22,77.33,33.84,43.1,Stable,0,0,0.663,24.1,Not Ready,RESCUE
CUST_0153,Vertex Pvt Ltd,EdTech,Mid,North,Pro,55,30835,2024-04-01,0.56,6.33,37.17,0.26,3.67,0,-0.03,54.71,62.57,92.67,46.97,63.1,Stable,0,0,0.437,45.1,Not Ready,RESCUE
CUST_0154,Orbit Technologies,Logistics,SMB,West,Basic,27,7420,2024-02-01,0.32,3.67,87.57,0.93,19.0,0,-0.2,31.56,3.57,62.0,30.0,30.4,At-Risk,1,2024-07-01,0.836,13.7,Not Ready,RESCUE
CUST_0155,Quanta Technologies,IT Services,Enterprise,West,Enterprise,315,360741,2023-03-01,0.79,9.67,13.67,0.17,2.33,0,-0.04,79.37,84.56,95.33,45.98,78.9,Healthy,0,0,0.243,65.7,Expansion-Ready,EXPAND
CUST_0156,Lotus Enterprises,Manufacturing,Mid,South,Enterprise,142,189176,2023-10-01,0.81,10.0,24.6,0.17,2.33,0,0.05,81.81,76.52,95.33,55.26,79.2,Healthy,0,0,0.274,71.0,Expansion-Ready,EXPAND
CUST_0157,Lotus Networks,Retail,SMB,East,Pro,36,19387,2023-12-01,0.76,9.0,21.67,0.06,7.33,0,0.08,75.6,83.88,85.33,58.0,77.0,Healthy,0,0,0.319,66.6,Expansion-Ready,EXPAND
CUST_0158,Nova Solutions,IT Services,Enterprise,North,Pro,360,231779,2024-07-01,0.93,11.33,23.67,0.05,6.0,0,0.14,93.72,83.16,88.0,63.64,85.4,Healthy,0,0,0.254,83.3,Expansion-Ready,EXPAND
CUST_0159,Stellar Technologies,BFSI,Mid,South,Basic,89,23368,2024-06-01,0.92,11.0,9.7,0.27,2.0,0,-0.02,91.97,82.17,96.0,47.65,83.7,Healthy,0,0,0.19,76.6,Expansion-Ready,EXPAND
CUST_0160,Pulse Networks,Retail,Mid,West,Enterprise,138,147141,2024-08-01,0.71,8.0,15.27,0.18,5.33,0,-0.01,69.18,82.89,89.33,48.92,73.6,Healthy,0,0,0.298,59.3,Not Ready,EXPAND
CUST_0161,Nova Retail,Healthcare,Mid,South,Basic,110,35511,2024-11-01,0.32,3.67,57.97,0.52,16.33,0,-0.28,31.57,34.46,67.33,21.74,38.0,At-Risk,0,0,0.731,18.1,Not Ready,RESCUE
CUST_0162,Acme Systems,Logistics,Enterprise,West,Enterprise,392,409344,2023-11-01,0.3,3.67,24.93,0.11,2.0,0,0.03,30.26,79.05,96.0,52.86,59.0,Stable,0,0,0.483,43.3,Not Ready,RESCUE
CUST_0163,Apex Retail,Manufacturing,SMB,West,Enterprise,23,31482,2023-05-01,0.45,5.33,70.77,0.74,24.67,1,-0.17,44.76,13.95,26.67,33.33,31.7,At-Risk,1,2023-07-01,0.785,15.6,Not Ready,RESCUE
CUST_0164,Indus Networks,BFSI,SMB,South,Pro,20,11538,2024-08-01,0.87,9.67,27.03,0.11,1.0,0,0.0,84.53,77.51,98.0,50.0,80.3,Healthy,0,0,0.252,73.2,Expansion-Ready,EXPAND
CUST_0165,Stellar Industries,BFSI,SMB,East,Enterprise,43,50457,2024-02-01,0.42,5.67,40.17,0.24,15.67,0,-0.06,43.74,61.41,68.67,44.44,53.2,Stable,0,0,0.618,30.8,Not Ready,RESCUE
CUST_0166,Drift Systems,EdTech,Mid,East,Pro,125,65603,2024-03-01,0.74,9.33,18.5,0.1,2.67,0,0.09,75.41,84.34,94.67,59.09,79.0,Healthy,0,0,0.279,68.6,Expansion-Ready,EXPAND
CUST_0167,Onyx Labs,EdTech,Enterprise,West,Basic,436,139875,2024-04-01,0.83,11.0,14.63,0.25,0.33,0,-0.1,86.0,79.68,99.33,40.31,80.2,Healthy,0,0,0.221,66.4,Expansion-Ready,EXPAND
CUST_0168,Vega Solutions,Manufacturing,SMB,East,Enterprise,14,16343,2023-07-01,0.98,11.67,29.0,0.27,9.0,0,-0.07,97.48,67.98,82.0,42.86,78.8,Healthy,0,0,0.276,72.9,Expansion-Ready,EXPAND
CUST_0169,Onyx Pvt Ltd,Healthcare,SMB,South,Pro,34,20784,2024-01-01,0.96,11.33,17.73,0.12,0.67,0,0.03,95.51,83.65,98.67,53.12,86.8,Healthy,0,0,0.194,82.7,Expansion-Ready,EXPAND
CUST_0170,Crest Retail,BFSI,SMB,East,Pro,38,24653,2024-03-01,0.5,5.33,27.17,0.08,13.67,0,0.17,48.06,79.12,72.67,66.67,63.5,Stable,0,0,0.508,47.2,Not Ready,RESCUE
CUST_0171,Vega Enterprises,IT Services,Mid,South,Enterprise,74,91907,2024-03-01,0.59,8.0,43.27,0.4,9.0,0,0.15,61.69,51.13,82.0,65.0,63.6,Stable,0,0,0.498,53.3,Not Ready,RESCUE
CUST_0172,Onyx Enterprises,Healthcare,Mid,East,Pro,176,103392,2023-07-01,0.87,10.67,22.1,0.4,4.0,0,0.11,87.37,66.69,92.0,60.56,79.1,Healthy,0,0,0.256,77.3,Expansion-Ready,EXPAND
CUST_0173,Prime Pvt Ltd,Manufacturing,Mid,South,Pro,167,98193,2024-02-01,0.38,5.0,28.67,0.07,8.0,0,-0.3,39.49,78.29,84.0,19.51,55.1,Stable,0,0,0.518,28.3,Not Ready,RESCUE
CUST_0174,Lotus Enterprises,Retail,Mid,West,Pro,132,81576,2023-12-01,0.83,9.67,15.47,0.17,1.67,0,0.03,82.2,83.24,96.67,52.68,80.9,Healthy,0,0,0.232,72.5,Expansion-Ready,EXPAND
CUST_0175,Prime Enterprises,IT Services,Mid,West,Pro,186,119941,2023-10-01,0.91,11.33,21.8,0.15,5.0,0,0.04,92.35,79.22,90.0,54.14,82.9,Healthy,1,2024-03-01,0.248,76.9,Not Ready,EXPAND
CUST_0176,Crest Technologies,Logistics,SMB,North,Basic,31,8870,2023-09-01,0.13,1.33,36.9,0.22,3.0,0,0.0,12.28,64.83,94.0,50.0,47.4,Stable,0,0,0.619,36.6,Not Ready,RESCUE
CUST_0177,Pulse Solutions,IT Services,SMB,East,Basic,22,7242,2024-11-01,0.79,10.0,15.07,0.2,6.33,0,0.06,80.38,81.86,87.33,55.88,78.5,Healthy,0,0,0.275,68.8,Expansion-Ready,EXPAND
CUST_0178,Quanta Logistics,EdTech,SMB,South,Basic,24,6481,2024-06-01,0.62,6.0,27.27,0.19,8.33,0,0.14,58.12,73.52,83.33,64.29,67.9,Stable,0,0,0.408,57.3,Not Ready,NURTURE
CUST_0179,Bharat Pvt Ltd,Logistics,Mid,West,Basic,123,37357,2024-07-01,0.82,10.33,21.33,0.2,1.33,0,0.02,83.16,77.25,97.33,52.06,79.9,Healthy,0,0,0.252,71.0,Expansion-Ready,EXPAND
CUST_0180,Drift Retail,IT Services,Mid,South,Pro,112,66885,2023-12-01,0.77,9.33,16.43,0.06,2.0,0,0.05,77.33,87.73,96.0,54.88,80.3,Healthy,0,0,0.257,69.3,Expansion-Ready,EXPAND
CUST_0181,Sankalp Solutions,IT Services,Mid,West,Pro,177,107041,2023-11-01,0.93,10.0,23.43,0.29,4.33,0,0.13,89.76,71.43,91.33,63.46,81.5,Healthy,0,0,0.242,82.6,Expansion-Ready,EXPAND
CUST_0182,Sankalp Retail,Manufacturing,SMB,West,Basic,22,6829,2024-08-01,0.64,7.33,27.83,0.17,3.0,0,-0.07,62.75,74.14,94.0,42.86,68.9,Stable,1,2025-01-01,0.357,50.8,Not Ready,EXPAND
CUST_0183,Crest Logistics,IT Services,Enterprise,North,Basic,383,103237,2023-07-01,0.02,0.67,65.23,0.57,23.33,1,0.0,3.3,26.23,29.33,50.0,21.2,At-Risk,1,2024-12-01,0.872,20.2,Not Ready,RESCUE
CUST_0184,Vega Technologies,BFSI,Enterprise,West,Enterprise,259,282785,2023-04-01,0.73,9.0,28.8,0.15,4.33,0,0.02,73.85,74.07,91.33,52.13,74.1,Healthy,0,0,0.335,61.9,Not Ready,EXPAND
CUST_0185,Orbit Retail,Healthcare,SMB,West,Pro,30,19310,2024-09-01,0.24,4.0,88.9,0.93,21.33,1,-0.5,27.56,3.45,33.33,0.0,18.6,At-Risk,0,0,0.867,9.6,Not Ready,RESCUE
CUST_0186,Zenith Retail,Logistics,Mid,East,Enterprise,100,122832,2023-05-01,0.95,11.33,11.97,0.27,0.33,0,0.0,94.59,80.51,99.33,50.0,85.3,Healthy,1,2024-02-01,0.179,80.5,Not Ready,EXPAND
CUST_0187,Bharat Logistics,Manufacturing,Enterprise,South,Enterprise,462,636251,2024-11-01,0.55,7.67,42.83,0.45,2.0,0,-0.14,58.0,48.72,96.0,36.19,60.0,Stable,0,0,0.451,38.6,Not Ready,RESCUE
CUST_0188,Onyx Industries,Logistics,Mid,West,Pro,193,125388,2023-05-01,0.15,1.33,31.1,0.16,4.0,0,-0.13,13.88,72.07,92.0,37.1,47.5,Stable,1,2024-09-01,0.595,30.1,Not Ready,RESCUE
CUST_0189,Stellar Systems,Healthcare,SMB,North,Basic,11,3650,2024-02-01,0.58,8.0,48.07,0.36,9.67,0,-0.14,60.76,49.6,80.67,35.71,58.2,Stable,0,0,0.53,36.2,Not Ready,RESCUE
CUST_0190,Prime Enterprises,Retail,SMB,West,Basic,48,14801,2023-07-01,0.1,0.33,57.8,0.55,12.0,0,-0.62,7.29,33.02,76.0,0.0,26.4,At-Risk,1,2024-07-01,0.775,16.0,Not Ready,RESCUE
CUST_0191,Nova Industries,BFSI,SMB,East,Basic,46,14166,2024-01-01,0.02,0.67,44.1,0.31,8.33,0,0.0,3.36,55.0,83.33,50.0,39.3,At-Risk,1,2024-11-01,0.732,31.1,Not Ready,RESCUE
CUST_0192,Bharat Enterprises,Retail,SMB,North,Basic,12,3417,2023-11-01,0.25,3.0,44.9,0.32,2.33,0,0.0,25.0,53.86,95.33,50.0,50.0,Stable,0,0,0.596,37.8,Not Ready,RESCUE
CUST_0193,Indus Labs,BFSI,SMB,North,Pro,21,11341,2024-09-01,0.9,11.33,16.37,0.1,3.33,0,-0.05,91.87,85.91,93.33,45.0,83.6,Healthy,0,0,0.223,72.9,Expansion-Ready,EXPAND
CUST_0194,Vega Systems,Healthcare,Mid,East,Enterprise,99,129694,2024-04-01,0.87,10.33,24.87,0.07,3.67,0,0.01,86.6,81.09,92.67,51.15,81.1,Healthy,0,0,0.263,72.8,Expansion-Ready,EXPAND
CUST_0195,Acme Industries,EdTech,SMB,South,Basic,23,6964,2024-09-01,0.29,3.33,82.2,0.84,16.0,0,0.0,28.56,7.81,68.0,50.0,34.5,At-Risk,0,0,0.814,26.1,Not Ready,RESCUE
CUST_0196,Bright Retail,Manufacturing,SMB,South,Basic,14,4306,2024-01-01,0.02,0.33,46.73,0.36,22.33,0,-1.0,2.52,50.4,55.33,0.0,24.7,At-Risk,1,2024-10-01,0.825,11.4,Not Ready,RESCUE
CUST_0197,Vega Solutions,BFSI,Enterprise,West,Basic,499,141756,2023-08-01,0.75,9.0,19.23,0.15,3.0,0,0.06,74.75,81.11,94.0,55.78,77.3,Healthy,1,2023-10-01,0.281,67.1,Not Ready,EXPAND
CUST_0198,Bright Industries,Logistics,Mid,North,Basic,178,47689,2024-07-01,0.48,5.33,25.1,0.18,7.33,0,0.1,46.84,75.66,85.33,59.76,63.7,Stable,0,0,0.451,46.7,Not Ready,RESCUE
CUST_0199,Vega Solutions,Retail,SMB,East,Basic,17,4693,2024-04-01,0.59,6.67,23.0,0.09,7.67,0,0.0,57.68,81.48,84.67,50.0,67.9,Stable,0,0,0.397,48.9,Not Ready,EXPAND
CUST_0200,Quanta Technologies,Healthcare,Enterprise,East,Pro,314,207101,2024-04-01,0.74,9.0,17.2,0.0,1.67,0,0.0,74.14,90.29,96.67,50.43,79.1,Healthy,0,0,0.268,64.6,Not Ready,EXPAND
CUST_0201,Onyx Labs,Retail,Enterprise,South,Enterprise,489,664411,2024-03-01,0.45,4.67,21.27,0.1,2.67,0,-0.15,43.12,82.54,94.67,35.28,62.1,Stable,0,0,0.407,36.0,Not Ready,RESCUE
CUST_0202,Acme Enterprises,Retail,SMB,West,Enterprise,11,11410,2023-10-01,0.64,8.33,28.47,0.16,2.67,0,0.0,65.67,74.12,94.67,50.0,71.2,Healthy,0,0,0.357,55.0,Not Ready,EXPAND
CUST_0203,Vertex Retail,IT Services,Mid,East,Pro,127,67264,2023-03-01,0.83,10.33,22.67,0.2,6.33,0,-0.11,84.39,76.27,87.33,39.08,76.2,Healthy,0,0,0.288,61.9,Not Ready,EXPAND
CUST_0204,Indus Technologies,IT Services,Mid,South,Enterprise,132,149713,2024-02-01,0.97,11.67,21.97,0.13,4.33,0,0.0,97.22,80.12,91.33,50.0,84.7,Healthy,0,0,0.225,79.6,Expansion-Ready,EXPAND
CUST_0205,Echo0 Enterprises,Retail,Mid,North,Pro,193,119615,2024-04-01,0.5,6.0,33.67,0.18,7.33,0,0.08,49.83,69.1,85.33,57.53,62.9,Stable,0,0,0.48,45.1,Not Ready,RESCUE
CUST_0206,Quanta Networks,Logistics,Mid,South,Pro,85,44469,2023-04-01,0.95,10.67,20.43,0.08,1.0,0,0.02,92.8,83.75,98.0,52.41,85.5,Healthy,0,0,0.206,81.0,Expansion-Ready,EXPAND
CUST_0207,Bharat Labs,Logistics,Mid,West,Enterprise,135,162927,2023-07-01,0.89,10.33,20.4,0.06,6.0,0,0.04,88.24,84.82,88.0,54.24,82.2,Healthy,0,0,0.257,75.1,Expansion-Ready,EXPAND
CUST_0208,Vertex Solutions,Healthcare,Mid,East,Pro,94,54612,2024-12-01,0.82,10.5,26.45,0.07,2.5,0,0.07,84.22,79.92,95.0,56.67,81.2,Healthy,0,0,0.278,73.0,Expansion-Ready,EXPAND
CUST_0209,Vega Enterprises,Healthcare,Mid,East,Basic,71,18153,2024-04-01,0.77,9.33,26.33,0.23,2.0,0,-0.04,77.57,72.04,96.0,46.43,75.2,Healthy,0,0,0.292,63.0,Not Ready,EXPAND
CUST_0210,Sankalp Retail,Manufacturing,SMB,West,Pro,13,7452,2023-03-01,0.9,9.67,25.27,0.17,1.0,0,-0.08,86.53,76.03,98.0,41.67,79.5,Healthy,0,0,0.236,71.0,Expansion-Ready,EXPAND
CUST_0211,Zenith Technologies,Manufacturing,Mid,West,Pro,85,44721,2024-07-01,0.91,11.33,26.7,0.19,2.33,0,-0.04,92.45,73.93,95.33,46.15,81.5,Healthy,0,0,0.246,73.5,Expansion-Ready,EXPAND
CUST_0212,Pulse Industries,BFSI,Mid,West,Basic,144,45547,2023-11-01,0.72,8.67,10.93,0.17,1.67,0,-0.04,72.07,86.57,96.67,46.12,76.7,Healthy,0,0,0.253,61.0,Not Ready,EXPAND
CUST_0213,Pulse Systems,Retail,Mid,West,Enterprise,92,107900,2024-11-01,0.6,8.33,43.37,0.42,9.0,0,-0.07,63.4,50.22,82.0,42.86,60.7,Stable,0,0,0.494,42.3,Not Ready,RESCUE
CUST_0214,Stellar Networks,Retail,SMB,East,Pro,22,14463,2024-11-01,0.26,1.67,62.67,0.56,16.33,0,-0.33,21.6,28.66,67.33,16.67,31.8,At-Risk,0,0,0.767,16.0,Not Ready,RESCUE
CUST_0215,Onyx Technologies,Logistics,Mid,East,Pro,172,115766,2025-01-01,0.3,4.0,54.3,0.43,5.0,0,0.0,30.94,41.59,90.0,50.0,48.3,Stable,0,0,0.637,35.9,Not Ready,RESCUE
CUST_0216,Bright Enterprises,Logistics,Mid,East,Pro,100,66321,2023-08-01,0.76,9.0,16.83,0.17,2.33,0,-0.1,75.43,82.23,95.33,40.12,75.8,Healthy,1,2023-11-01,0.264,59.8,Not Ready,EXPAND
CUST_0217,Acme Industries,Manufacturing,Mid,North,Basic,119,38236,2023-03-01,0.02,0.0,43.87,0.3,18.67,0,0.0,1.09,55.82,62.67,50.0,34.4,At-Risk,1,2024-11-01,0.797,25.4,Not Ready,RESCUE
CUST_0218,Bright Enterprises,IT Services,SMB,North,Pro,46,28486,2023-12-01,0.25,3.33,35.57,0.24,5.0,0,0.15,25.74,64.79,90.0,65.38,54.3,Stable,0,0,0.579,45.7,Not Ready,RESCUE
CUST_0219,Apex Networks,IT Services,Mid,North,Pro,52,32108,2024-07-01,0.92,11.0,15.23,0.21,5.0,0,-0.08,91.67,81.03,90.0,42.31,81.3,Healthy,0,0,0.224,71.5,Expansion-Ready,EXPAND
CUST_0220,Bright Industries,Manufacturing,Mid,South,Basic,74,19563,2023-07-01,0.7,8.67,15.73,0.11,1.67,0,0.19,70.66,86.11,96.67,68.75,79.4,Healthy,0,0,0.277,71.6,Expansion-Ready,EXPAND
CUST_0221,Acme Systems,Retail,SMB,East,Pro,46,25048,2023-09-01,0.86,10.0,19.93,0.12,7.0,0,-0.12,84.75,82.03,86.0,38.1,77.3,Healthy,0,0,0.273,63.5,Not Ready,EXPAND
CUST_0222,Quanta Systems,Logistics,SMB,East,Pro,11,5748,2024-10-01,0.67,7.67,35.43,0.21,7.0,0,-0.12,65.69,66.17,86.0,37.5,65.6,Stable,0,0,0.41,47.1,Not Ready,NURTURE
CUST_0223,Bharat Solutions,IT Services,Mid,North,Pro,175,95245,2023-03-01,0.93,11.33,18.67,0.1,5.33,0,0.05,93.6,84.22,89.33,55.16,84.6,Healthy,1,2024-09-01,0.233,79.2,Not Ready,EXPAND
CUST_0224,Orbit Enterprises,BFSI,Enterprise,West,Pro,486,298639,2023-05-01,0.93,11.33,20.07,0.13,1.67,0,0.0,93.51,81.52,96.67,50.22,84.6,Healthy,0,0,0.215,78.2,Expansion-Ready,EXPAND
CUST_0225,Onyx Pvt Ltd,Healthcare,SMB,East,Basic,39,12599,2024-06-01,0.42,6.33,28.5,0.14,7.0,0,0.0,45.69,75.09,86.0,50.0,61.7,Stable,0,0,0.49,40.7,Not Ready,RESCUE
CUST_0226,Orbit Retail,Healthcare,Enterprise,North,Pro,437,299497,2024-11-01,0.9,11.33,19.8,0.14,4.33,0,0.01,91.81,81.24,91.33,50.77,82.9,Healthy,0,0,0.24,75.2,Expansion-Ready,EXPAND
CUST_0227,Pulse Technologies,Manufacturing,Mid,West,Basic,199,55348,2023-09-01,0.42,4.67,27.83,0.11,9.67,0,-0.01,40.94,76.92,80.67,48.82,59.1,Stable,0,0,0.511,38.4,Not Ready,RESCUE
CUST_0228,Zenith Enterprises,Manufacturing,Mid,South,Basic,192,52888,2024-02-01,0.76,9.0,19.13,0.25,1.67,0,0.12,75.45,76.37,96.67,61.94,77.9,Healthy,0,0,0.267,71.5,Expansion-Ready,EXPAND
CUST_0229,Vertex Logistics,IT Services,Enterprise,East,Pro,380,258259,2024-07-01,0.48,5.0,25.97,0.21,11.0,0,-0.2,45.77,73.43,78.0,30.1,56.8,Stable,0,0,0.488,28.2,Not Ready,RESCUE
CUST_0230,Prime Networks,IT Services,Mid,South,Enterprise,110,120457,2024-04-01,0.5,6.0,42.33,0.4,4.67,0,-0.04,50.2,51.81,90.67,46.3,58.1,Stable,1,2025-01-01,0.495,38.5,Not Ready,RESCUE
CUST_0231,Stellar Labs,EdTech,Mid,South,Basic,184,50430,2024-03-01,0.86,10.33,13.63,0.33,1.67,0,0.04,86.07,76.25,96.67,54.46,81.0,Healthy,0,0,0.217,75.0,Expansion-Ready,EXPAND
CUST_0232,Zenith Enterprises,Manufacturing,SMB,South,Basic,44,15083,2023-11-01,0.5,6.67,41.8,0.26,4.33,0,-0.05,51.94,59.05,91.33,45.45,60.6,Stable,1,2024-01-01,0.49,38.9,Not Ready,RESCUE
CUST_0233,Sankalp Retail,EdTech,SMB,East,Basic,40,12382,2024-11-01,0.57,7.0,24.63,0.12,7.0,0,0.04,57.79,78.58,86.0,54.35,68.1,Stable,0,0,0.407,49.8,Not Ready,NURTURE
CUST_0234,Zenith Retail,Retail,SMB,East,Pro,34,18085,2024-10-01,0.3,2.67,85.93,0.96,14.67,0,-0.09,27.53,1.85,70.67,40.91,31.7,At-Risk,0,0,0.814,21.3,Not Ready,RESCUE
CUST_0235,Sankalp Retail,Logistics,Enterprise,North,Enterprise,212,249248,2024-02-01,0.87,9.33,15.7,0.09,3.0,0,0.03,84.05,86.85,94.0,52.65,82.0,Healthy,0,0,0.228,74.8,Expansion-Ready,EXPAND
CUST_0236,Echo0 Logistics,Manufacturing,SMB,East,Basic,15,3848,2023-03-01,0.87,10.33,19.6,0.0,4.67,0,0.08,86.47,88.53,90.67,58.33,83.6,Healthy,0,0,0.252,76.8,Expansion-Ready,EXPAND
CUST_0237,Vega Enterprises,BFSI,SMB,East,Basic,34,11714,2025-01-01,0.68,7.0,34.0,0.17,2.0,0,0.0,64.39,69.61,96.0,50.0,69.9,Stable,0,0,0.357,57.3,Not Ready,EXPAND
CUST_0238,Pulse Technologies,Healthcare,SMB,West,Basic,30,8468,2024-08-01,0.61,7.0,30.07,0.21,10.67,0,-0.33,60.14,70.12,78.67,16.67,59.8,Stable,1,2024-11-01,0.445,36.3,Not Ready,RESCUE
CUST_0239,Nova Systems,BFSI,Enterprise,South,Pro,473,260029,2024-09-01,0.75,9.67,23.67,0.17,2.0,0,0.12,77.07,77.21,96.0,62.16,78.7,Healthy,0,0,0.29,70.7,Expansion-Ready,EXPAND
CUST_0240,Pulse Labs,Manufacturing,SMB,South,Basic,44,12859,2024-03-01,0.08,1.67,81.93,0.87,18.67,0,-0.8,10.28,6.52,62.67,0.0,18.3,At-Risk,0,0,0.875,10.2,Not Ready,RESCUE
CUST_0241,Vertex Labs,Logistics,Enterprise,East,Enterprise,383,457027,2024-11-01,0.79,9.33,20.8,0.07,3.67,0,0.08,78.31,84.31,92.67,58.3,79.7,Healthy,0,0,0.277,70.9,Expansion-Ready,EXPAND
CUST_0242,Lotus Labs,Manufacturing,SMB,South,Pro,48,27275,2024-07-01,0.79,9.0,9.03,0.1,1.67,0,0.05,77.71,91.3,96.67,55.13,81.5,Healthy,0,0,0.224,71.4,Expansion-Ready,EXPAND
CUST_0243,Drift Industries,Manufacturing,SMB,South,Basic,41,10859,2023-12-01,0.33,4.67,57.47,0.5,15.33,0,-0.07,35.28,35.69,69.33,42.86,43.3,Stable,1,2024-04-01,0.719,26.4,Not Ready,RESCUE
CUST_0244,Apex Enterprises,Manufacturing,SMB,West,Basic,43,13818,2023-09-01,0.02,0.0,98.33,0.97,16.67,0,0.0,1.51,1.32,66.67,50.0,21.8,At-Risk,1,2025-01-01,0.906,21.3,Not Ready,RESCUE
CUST_0245,Prime Pvt Ltd,Retail,Enterprise,North,Enterprise,242,324558,2023-10-01,0.88,10.0,13.57,0.22,6.67,0,-0.05,86.29,81.85,86.67,45.31,79.1,Healthy,0,0,0.242,69.2,Expansion-Ready,EXPAND
CUST_0246,Quanta Labs,Healthcare,Mid,East,Basic,110,30815,2024-07-01,0.83,9.67,15.87,0.09,1.0,0,-0.02,82.16,86.73,98.0,47.83,81.3,Healthy,0,0,0.229,70.4,Expansion-Ready,EXPAND
CUST_0247,Prime Industries,Manufacturing,SMB,East,Pro,17,10618,2024-04-01,0.94,11.0,18.67,0.2,1.0,0,0.07,93.26,79.22,98.0,56.67,85.2,Healthy,0,0,0.204,82.8,Expansion-Ready,EXPAND
CUST_0248,Indus Technologies,Manufacturing,SMB,East,Basic,10,2593,2023-09-01,0.37,3.0,76.13,0.76,14.67,0,-0.25,32.58,11.76,70.67,25.0,33.9,At-Risk,1,2024-01-01,0.764,17.1,Not Ready,RESCUE
CUST_0249,Sankalp Retail,EdTech,SMB,West,Basic,33,9925,2023-09-01,0.92,10.33,10.4,0.12,2.67,0,0.0,89.89,89.04,94.67,50.0,84.6,Healthy,0,0,0.195,77.5,Expansion-Ready,EXPAND
CUST_0250,Orbit Systems,Logistics,Mid,South,Enterprise,185,212332,2023-06-01,0.26,3.0,18.63,0.04,2.67,0,0.39,25.85,87.07,94.67,88.64,64.3,Stable,0,0,0.479,53.0,Not Ready,RESCUE
CUST_0251,Stellar Solutions,BFSI,SMB,South,Pro,37,24081,2023-09-01,0.19,2.33,33.1,0.3,6.67,0,-0.45,19.1,63.6,86.67,4.55,41.6,Stable,0,0,0.609,24.0,Not Ready,RESCUE
CUST_0252,Crest Networks,Manufacturing,SMB,West,Pro,45,29224,2023-10-01,0.41,6.0,28.23,0.1,7.0,0,-0.1,43.98,77.18,86.0,40.0,60.1,Stable,1,2024-11-01,0.493,35.3,Not Ready,RESCUE
CUST_0253,Zenith Networks,BFSI,SMB,North,Basic,49,14638,2024-05-01,0.74,9.0,29.5,0.21,8.33,0,0.09,74.45,70.54,83.33,58.82,72.9,Healthy,0,0,0.366,63.9,Not Ready,EXPAND
CUST_0254,Crest Systems,Healthcare,Enterprise,South,Pro,383,221250,2024-03-01,0.83,10.0,24.57,0.12,3.0,0,-0.08,82.91,79.0,94.0,41.93,78.0,Healthy,0,0,0.271,65.2,Expansion-Ready,EXPAND
CUST_0255,Apex Networks,IT Services,Enterprise,East,Pro,372,249108,2025-01-01,0.74,9.0,15.8,0.33,0.0,0,0.0,74.3,74.66,100.0,50.0,75.9,Healthy,0,0,0.251,64.6,Not Ready,EXPAND
CUST_0256,Quanta Pvt Ltd,IT Services,Enterprise,East,Enterprise,468,519857,2024-02-01,0.8,9.33,23.63,0.18,4.33,0,-0.14,79.4,76.47,91.33,35.57,74.5,Healthy,0,0,0.288,58.9,Not Ready,EXPAND
CUST_0257,Lotus Solutions,Logistics,SMB,North,Basic,41,12466,2023-12-01,0.07,1.0,90.53,0.95,6.33,0,-0.75,7.67,2.5,87.33,0.0,21.2,At-Risk,1,2024-06-01,0.842,15.6,Not Ready,RESCUE
CUST_0258,Bharat Systems,EdTech,Mid,North,Enterprise,77,92078,2024-12-01,0.36,4.5,79.5,0.77,10.0,0,-0.17,36.34,11.36,80.0,33.33,38.4,At-Risk,0,0,0.748,21.5,Not Ready,RESCUE
CUST_0259,Bharat Enterprises,Manufacturing,Mid,East,Pro,53,32420,2023-08-01,0.87,11.33,24.77,0.4,7.33,0,0.04,89.88,64.73,85.33,54.35,77.4,Healthy,0,0,0.289,71.8,Expansion-Ready,EXPAND
CUST_0260,Acme Retail,EdTech,SMB,West,Pro,25,16087,2023-04-01,0.27,3.33,35.1,0.17,10.67,0,0.0,27.06,68.51,78.67,50.0,51.2,Stable,1,2024-10-01,0.617,35.0,Not Ready,RESCUE
CUST_0261,Stellar Enterprises,Healthcare,Enterprise,West,Enterprise,210,275822,2023-03-01,0.61,6.67,16.53,0.08,0.33,0,-0.12,58.86,86.94,99.33,37.86,70.8,Healthy,0,0,0.303,48.6,Not Ready,EXPAND
CUST_0262,Sankalp Enterprises,Logistics,SMB,North,Pro,35,23095,2024-03-01,0.83,9.0,17.8,0.0,3.0,0,-0.03,80.11,89.85,94.0,46.55,80.3,Healthy,0,0,0.248,68.7,Expansion-Ready,EXPAND
CUST_0263,Echo0 Labs,Logistics,SMB,West,Pro,20,13231,2023-07-01,0.82,10.33,26.3,0.09,1.33,0,-0.17,83.22,79.06,97.33,33.33,77.5,Healthy,0,0,0.269,60.6,Not Ready,EXPAND
CUST_0264,Orbit Systems,Manufacturing,SMB,South,Pro,13,8703,2023-04-01,0.36,4.0,20.63,0.07,8.0,0,0.0,35.0,84.44,84.0,50.0,59.4,Stable,1,2024-06-01,0.491,39.8,Not Ready,RESCUE
CUST_0265,Drift Technologies,BFSI,Mid,East,Basic,199,53733,2024-02-01,0.04,1.0,79.8,0.82,7.0,0,-0.76,5.64,9.09,86.0,0.0,21.7,At-Risk,0,0,0.826,15.7,Not Ready,RESCUE
CUST_0266,Drift Retail,IT Services,SMB,West,Pro,23,12161,2024-12-01,0.52,5.5,42.5,0.33,5.5,0,-0.15,49.95,55.02,89.0,34.62,56.7,Stable,0,0,0.494,33.6,Not Ready,RESCUE
CUST_0267,Prime Logistics,IT Services,Mid,West,Pro,132,67864,2024-08-01,0.83,11.0,25.0,0.17,7.0,0,0.01,86.25,76.23,86.0,50.9,78.4,Healthy,0,0,0.302,68.0,Expansion-Ready,EXPAND
CUST_0268,Echo0 Retail,IT Services,SMB,East,Enterprise,39,42726,2023-05-01,0.8,9.33,13.2,0.08,5.67,0,0.0,79.44,89.39,88.67,50.0,79.4,Healthy,0,0,0.261,67.0,Expansion-Ready,EXPAND
CUST_0269,Indus Enterprises,Healthcare,Mid,South,Pro,196,102166,2024-04-01,0.81,9.33,25.9,0.08,4.0,0,0.03,79.62,79.73,92.0,53.21,78.2,Healthy,0,0,0.29,69.0,Expansion-Ready,EXPAND
CUST_0270,Vega Systems,BFSI,Mid,South,Pro,195,116865,2024-04-01,0.87,10.33,20.73,0.33,6.67,0,0.01,86.47,71.03,86.67,50.58,77.3,Healthy,0,0,0.27,70.8,Expansion-Ready,EXPAND
CUST_0271,Bright Solutions,EdTech,Mid,North,Pro,153,94217,2024-09-01,0.47,5.33,37.67,0.24,6.33,0,0.0,46.14,63.25,87.33,50.0,59.2,Stable,1,2024-12-01,0.503,40.1,Not Ready,RESCUE
CUST_0272,Lotus Logistics,Manufacturing,Mid,East,Enterprise,144,161035,2024-06-01,0.39,5.0,31.17,0.15,9.0,0,-0.04,40.16,72.45,82.0,46.43,57.5,Stable,0,0,0.533,36.4,Not Ready,RESCUE
CUST_0273,Drift Technologies,Manufacturing,SMB,South,Pro,35,23154,2023-06-01,0.25,3.33,33.13,0.17,9.0,0,-0.11,25.82,70.01,82.0,38.89,50.1,Stable,1,2024-05-01,0.603,30.0,Not Ready,RESCUE
CUST_0274,Crest Logistics,Retail,Enterprise,West,Enterprise,270,280244,2023-08-01,0.75,9.67,14.2,0.14,1.33,0,-0.05,77.06,85.36,97.33,44.52,78.3,Healthy,0,0,0.252,62.9,Not Ready,EXPAND
CUST_0275,Drift Pvt Ltd,Retail,Mid,West,Basic,120,33032,2024-01-01,0.78,8.67,22.87,0.05,2.0,0,0.19,76.19,83.63,96.0,69.32,81.0,Healthy,0,0,0.276,76.7,Expansion-Ready,EXPAND
CUST_0276,Apex Industries,Healthcare,SMB,South,Basic,33,9253,2023-08-01,0.92,10.33,20.5,0.06,5.33,0,0.0,89.89,85.09,89.33,50.0,82.6,Healthy,0,0,0.243,75.4,Expansion-Ready,EXPAND
CUST_0277,Vertex Enterprises,Manufacturing,SMB,West,Basic,25,7339,2024-02-01,0.57,7.67,41.17,0.38,6.0,0,-0.25,59.63,53.92,88.0,25.0,58.7,Stable,0,0,0.47,34.8,Not Ready,RESCUE
CUST_0278,Nova Solutions,Retail,SMB,East,Pro,29,17723,2024-10-01,0.82,8.0,13.67,0.17,6.33,0,-0.12,76.38,84.56,87.33,38.0,74.9,Healthy,0,0,0.26,60.9,Not Ready,EXPAND
CUST_0279,Vega Industries,Manufacturing,SMB,South,Basic,24,7553,2024-09-01,0.21,2.0,68.03,0.65,10.67,0,0.0,19.38,20.66,78.67,50.0,36.1,At-Risk,0,0,0.764,29.0,Not Ready,RESCUE
CUST_0280,Crest Labs,EdTech,Mid,East,Pro,170,109063,2024-10-01,0.61,8.33,37.67,0.26,6.67,0,0.02,63.94,62.28,86.67,51.98,66.3,Stable,0,0,0.443,50.3,Not Ready,NURTURE
CUST_0281,Bharat Enterprises,Manufacturing,SMB,North,Basic,33,9331,2024-10-01,0.91,10.67,21.6,0.2,3.0,0,0.0,90.2,77.06,94.0,50.0,81.6,Healthy,1,2025-01-01,0.234,75.5,Not Ready,EXPAND
CUST_0282,Acme Technologies,Manufacturing,SMB,North,Basic,13,3418,2024-11-01,0.62,8.0,41.97,0.25,13.67,0,-0.22,63.33,59.58,72.67,27.78,58.9,Stable,0,0,0.52,34.6,Not Ready,RESCUE
CUST_0283,Zenith Systems,IT Services,Enterprise,South,Pro,243,154890,2024-06-01,0.9,11.0,18.6,0.11,1.67,0,-0.01,90.66,84.0,96.67,49.11,84.0,Healthy,0,0,0.22,75.6,Expansion-Ready,EXPAND
CUST_0284,Zenith Networks,Logistics,Mid,West,Basic,124,42173,2024-05-01,0.82,10.33,25.23,0.0,1.67,0,0.02,83.61,84.39,96.67,51.94,81.7,Healthy,0,0,0.268,71.0,Expansion-Ready,EXPAND
CUST_0285,Vertex Networks,EdTech,SMB,West,Basic,48,12509,2023-09-01,0.08,0.33,40.7,0.31,11.67,0,-0.78,6.39,57.5,76.67,0.0,32.3,At-Risk,1,2024-04-01,0.722,18.4,Not Ready,RESCUE
CUST_0286,Nova Retail,IT Services,Mid,East,Pro,99,55098,2024-09-01,0.71,9.33,16.37,0.08,1.67,0,0.07,73.4,86.91,96.67,57.35,79.0,Healthy,0,0,0.275,66.2,Expansion-Ready,EXPAND
CUST_0287,Stellar Pvt Ltd,Logistics,SMB,West,Pro,30,16172,2024-03-01,0.92,10.67,17.23,0.08,6.33,0,-0.1,91.06,86.1,87.33,39.66,81.4,Healthy,0,0,0.238,69.9,Expansion-Ready,EXPAND
CUST_0288,Bharat Technologies,Logistics,Mid,West,Basic,116,34423,2023-09-01,0.91,11.0,27.67,0.17,3.67,0,0.02,91.48,74.26,92.67,51.92,81.5,Healthy,0,0,0.259,75.9,Expansion-Ready,EXPAND
CUST_0289,Orbit Logistics,EdTech,Mid,West,Enterprise,73,84457,2024-08-01,0.53,6.67,41.77,0.42,12.0,0,-0.21,53.58,51.4,76.0,29.07,53.8,Stable,0,0,0.545,28.1,Not Ready,RESCUE
CUST_0290,Orbit Labs,BFSI,SMB,North,Basic,17,5548,2023-05-01,0.24,2.0,41.7,0.32,0.33,0,0.0,21.13,56.28,99.33,50.0,49.9,Stable,0,0,0.569,38.8,Not Ready,RESCUE
CUST_0291,Bharat Solutions,BFSI,SMB,West,Basic,49,14468,2023-07-01,0.82,8.67,16.9,0.0,1.67,0,0.0,78.78,90.51,96.67,50.0,81.0,Healthy,0,0,0.24,70.3,Expansion-Ready,EXPAND
CUST_0292,Acme Technologies,BFSI,Enterprise,West,Enterprise,459,496081,2023-07-01,0.77,10.0,23.63,0.06,2.0,0,-0.08,79.3,82.79,96.0,41.64,77.9,Healthy,0,0,0.282,61.8,Not Ready,EXPAND
CUST_0293,Vertex Systems,EdTech,SMB,West,Pro,41,22032,2023-05-01,0.02,0.0,75.77,0.76,12.67,0,0.0,1.59,12.16,74.67,50.0,26.1,At-Risk,0,0,0.849,24.6,Not Ready,RESCUE
CUST_0294,Lotus Solutions,Healthcare,SMB,West,Basic,20,6840,2024-02-01,0.13,1.67,84.97,0.89,7.0,0,-0.75,13.53,5.36,86.0,0.0,24.0,At-Risk,0,0,0.816,16.4,Not Ready,RESCUE
CUST_0295,Apex Technologies,Healthcare,Enterprise,North,Enterprise,423,451229,2023-06-01,0.7,7.33,15.0,0.0,1.0,0,-0.21,67.08,91.91,98.0,29.01,73.8,Healthy,1,2024-04-01,0.269,51.1,Not Ready,EXPAND
CUST_0296,Drift Systems,Logistics,Mid,South,Pro,176,120599,2023-10-01,0.02,0.33,92.07,0.93,11.33,0,0.0,2.45,3.41,77.33,50.0,24.8,At-Risk,0,0,0.877,24.3,Not Ready,RESCUE
CUST_0297,Stellar Labs,Logistics,Mid,South,Pro,171,112499,2024-01-01,0.09,2.0,95.17,0.96,18.0,0,0.56,11.92,2.08,64.0,100.0,33.1,At-Risk,0,0,0.894,33.9,Not Ready,RESCUE
CUST_0298,Acme Labs,EdTech,Mid,West,Basic,80,25526,2025-01-01,0.57,8.0,30.3,0.14,16.0,0,0.0,60.71,73.52,68.0,50.0,63.8,Stable,0,0,0.512,42.1,Not Ready,RESCUE
CUST_0299,Prime Labs,Healthcare,Enterprise,East,Enterprise,275,341971,2024-11-01,0.84,9.67,22.57,0.2,1.67,0,-0.06,82.72,76.35,96.67,43.7,78.1,Healthy,0,0,0.252,67.6,Expansion-Ready,EXPAND
CUST_0300,Zenith Solutions,EdTech,Mid,West,Pro,141,75114,2024-05-01,0.32,3.33,29.07,0.11,1.0,0,-0.2,30.62,76.21,98.0,30.39,55.5,Stable,0,0,0.484,31.3,Not Ready,RESCUE
CUST_0301,Quanta Industries,BFSI,SMB,West,Basic,48,15070,2023-02-01,0.36,4.0,25.73,0.16,5.67,0,-0.26,35.14,76.02,88.67,23.68,54.3,Stable,1,2024-02-01,0.493,29.3,Not Ready,RESCUE
CUST_0302,Apex Enterprises,Manufacturing,Mid,North,Enterprise,54,59269,2024-04-01,0.52,5.33,28.0,0.11,12.0,0,-0.1,49.66,77.0,76.0,40.32,60.4,Stable,0,0,0.488,35.0,Not Ready,RESCUE
CUST_0303,Apex Solutions,EdTech,Mid,North,Enterprise,192,211928,2023-10-01,0.87,10.67,12.2,0.18,2.0,0,0.02,87.42,84.88,96.0,52.4,83.2,Healthy,0,0,0.211,75.2,Expansion-Ready,EXPAND
CUST_0304,Sankalp Systems,IT Services,Enterprise,West,Enterprise,419,444121,2025-01-01,0.79,10.0,3.8,0.0,0.0,0,0.0,80.2,100.0,100.0,50.0,84.6,Healthy,0,0,0.199,70.6,Expansion-Ready,EXPAND
CUST_0305,Prime Enterprises,IT Services,SMB,South,Basic,44,14397,2024-09-01,0.52,6.0,40.77,0.32,7.33,0,-0.04,50.98,56.97,85.33,45.83,58.6,Stable,0,0,0.503,38.9,Not Ready,RESCUE
CUST_0306,Apex Networks,EdTech,Enterprise,North,Enterprise,350,393819,2024-08-01,0.81,10.0,18.73,0.11,0.0,0,-0.08,81.91,83.61,100.0,41.67,79.9,Healthy,0,0,0.238,66.0,Expansion-Ready,EXPAND
CUST_0307,Echo0 Retail,IT Services,Mid,West,Pro,121,73889,2024-12-01,0.61,5.5,27.4,0.13,5.0,0,-0.08,55.79,76.13,90.0,42.21,65.7,Stable,0,0,0.384,46.6,Not Ready,EXPAND
CUST_0308,Acme Pvt Ltd,Healthcare,Mid,North,Basic,111,30935,2023-10-01,0.76,8.0,23.73,0.13,5.33,0,-0.08,72.72,78.82,89.33,41.95,73.0,Healthy,0,0,0.311,58.4,Not Ready,EXPAND
CUST_0309,Nova Retail,Healthcare,Mid,West,Pro,103,58090,2023-10-01,0.43,4.33,33.17,0.17,11.0,0,-0.08,40.41,70.22,78.0,41.84,55.6,Stable,0,0,0.542,33.1,Not Ready,RESCUE
CUST_0310,Onyx Technologies,IT Services,Enterprise,West,Enterprise,325,435899,2024-12-01,0.73,9.0,15.35,0.12,4.0,0,-0.05,73.95,85.77,92.0,44.69,76.1,Healthy,0,0,0.281,59.8,Not Ready,EXPAND
CUST_0311,Orbit Retail,Manufacturing,Mid,East,Enterprise,114,139810,2024-10-01,0.49,6.33,33.77,0.23,2.0,0,-0.15,50.59,66.75,96.0,35.48,61.4,Stable,0,0,0.438,35.6,Not Ready,RESCUE
CUST_0312,Zenith Pvt Ltd,Retail,SMB,West,Pro,18,11348,2024-06-01,0.54,7.33,30.23,0.2,14.33,0,-0.33,56.3,70.71,71.33,16.67,57.0,Stable,0,0,0.51,29.2,Not Ready,RESCUE
CUST_0313,Stellar Logistics,Logistics,Mid,West,Enterprise,126,149586,2024-04-01,0.92,10.33,19.23,0.06,3.67,0,-0.05,90.15,85.86,92.67,44.96,82.8,Healthy,0,0,0.228,73.8,Expansion-Ready,EXPAND
CUST_0314,Nova Industries,BFSI,SMB,West,Pro,49,28917,2024-08-01,0.21,2.0,62.63,0.56,13.0,0,0.2,19.54,29.11,74.0,70.0,40.4,Stable,0,0,0.762,39.3,Not Ready,RESCUE
CUST_0315,Zenith Pvt Ltd,Logistics,SMB,East,Pro,31,21226,2024-01-01,0.85,10.67,28.1,0.17,2.33,0,-0.04,86.33,73.95,95.33,46.3,79.0,Healthy,0,0,0.272,68.9,Expansion-Ready,EXPAND
CUST_0316,Crest Technologies,Manufacturing,Mid,West,Pro,51,29746,2024-11-01,0.46,5.0,28.37,0.14,6.67,0,-0.08,44.32,74.94,86.67,42.31,60.1,Stable,0,0,0.469,36.8,Not Ready,RESCUE
CUST_0317,Lotus Technologies,EdTech,Mid,West,Basic,77,21553,2023-02-01,0.08,0.67,26.57,0.05,6.67,0,-0.78,7.01,80.84,86.67,0.0,40.3,Stable,0,0,0.628,23.4,Not Ready,RESCUE
CUST_0318,Prime Technologies,IT Services,SMB,West,Basic,29,8743,2023-07-01,0.6,5.67,43.17,0.36,6.33,0,-0.11,55.38,53.34,87.33,38.89,58.8,Stable,1,2023-10-01,0.469,41.1,Not Ready,RESCUE
CUST_0319,Bright Systems,IT Services,SMB,North,Basic,42,13743,2024-06-01,0.9,11.0,18.43,0.08,1.33,0,-0.1,90.89,85.54,97.33,40.0,83.2,Healthy,0,0,0.217,71.1,Expansion-Ready,EXPAND
CUST_0320,Echo0 Industries,BFSI,SMB,North,Basic,46,15117,2024-10-01,0.67,7.67,36.1,0.24,8.0,0,-0.03,66.17,64.49,84.0,46.88,66.4,Stable,0,0,0.422,51.3,Not Ready,NURTURE
CUST_0321,Lotus Technologies,Healthcare,SMB,East,Basic,20,5911,2024-03-01,0.33,4.0,22.6,0.08,4.0,0,0.6,33.33,82.32,92.0,100.0,67.3,Stable,1,2024-11-01,0.477,53.3,Not Ready,NURTURE
CUST_0322,Acme Networks,BFSI,SMB,West,Pro,17,9460,2024-05-01,0.82,10.0,12.17,0.21,3.0,0,0.0,82.7,83.28,94.0,50.0,80.2,Healthy,0,0,0.233,69.8,Expansion-Ready,EXPAND
CUST_0323,Vega Industries,Retail,Mid,East,Enterprise,58,59203,2024-02-01,0.83,10.33,26.37,0.17,3.0,0,-0.02,83.93,75.22,94.0,47.87,78.4,Healthy,0,0,0.278,68.2,Expansion-Ready,EXPAND
CUST_0324,Crest Labs,EdTech,Enterprise,East,Pro,346,200365,2023-05-01,0.75,9.67,19.47,0.06,4.67,0,0.09,77.1,85.85,90.67,59.45,79.4,Healthy,0,0,0.294,68.4,Expansion-Ready,EXPAND
CUST_0325,Vega Enterprises,BFSI,SMB,South,Pro,29,16900,2024-08-01,0.47,6.0,69.63,0.7,12.0,0,-0.31,48.13,16.74,76.0,18.75,41.5,Stable,1,2024-10-01,0.687,21.1,Not Ready,RESCUE
CUST_0326,Bright Solutions,EdTech,Mid,South,Pro,155,103826,2024-02-01,0.04,1.0,46.0,0.32,8.33,0,-0.75,5.43,52.99,83.33,0.0,32.1,At-Risk,0,0,0.731,19.3,Not Ready,RESCUE
CUST_0327,Zenith Systems,EdTech,SMB,West,Pro,48,30735,2024-10-01,0.66,8.0,30.43,0.13,0.67,0,-0.09,66.22,74.04,98.67,40.91,70.9,Healthy,0,0,0.34,52.5,Not Ready,EXPAND
CUST_0328,Indus Technologies,BFSI,Enterprise,North,Basic,458,134186,2023-04-01,0.15,1.67,34.43,0.19,7.33,0,-0.42,14.46,68.1,85.33,7.69,41.0,Stable,0,0,0.637,23.3,Not Ready,RESCUE
CUST_0329,Vertex Labs,IT Services,SMB,East,Basic,46,14042,2024-12-01,0.65,7.5,35.65,0.29,0.5,0,-0.18,64.27,62.44,99.0,31.82,65.9,Stable,0,0,0.364,45.8,Not Ready,EXPAND
CUST_0330,Bharat Solutions,EdTech,SMB,East,Basic,44,13368,2023-07-01,0.02,0.67,94.53,0.94,18.33,0,0.0,3.42,2.78,63.33,50.0,22.2,At-Risk,0,0,0.906,20.8,Not Ready,RESCUE
CUST_0331,Nova Technologies,BFSI,Enterprise,South,Enterprise,241,273484,2024-05-01,0.55,6.33,18.83,0.14,3.0,0,-0.15,54.07,82.27,94.0,34.93,66.2,Stable,0,0,0.357,40.7,Not Ready,EXPAND
CUST_0332,Acme Retail,EdTech,SMB,North,Pro,46,23830,2023-02-01,0.02,0.67,69.67,0.7,10.67,0,0.0,3.36,16.72,78.67,50.0,28.8,At-Risk,0,0,0.824,26.3,Not Ready,RESCUE
CUST_0333,Prime Technologies,IT Services,Mid,West,Pro,196,111976,2023-12-01,0.83,10.67,23.3,0.12,2.67,0,0.17,84.95,79.56,94.67,66.78,82.8,Healthy,0,0,0.264,79.1,Expansion-Ready,EXPAND
CUST_0334,Prime Solutions,Manufacturing,Mid,South,Pro,166,101383,2023-05-01,0.03,1.67,23.3,0.09,8.0,0,1.0,6.95,81.4,84.0,100.0,54.9,Stable,0,0,0.646,46.4,Not Ready,RESCUE
CUST_0335,Indus Networks,EdTech,SMB,South,Enterprise,12,13899,2024-03-01,0.75,10.0,12.6,0.06,2.67,0,0.0,77.92,90.9,94.67,50.0,80.3,Healthy,0,0,0.255,65.4,Expansion-Ready,EXPAND
CUST_0336,Bright Labs,EdTech,SMB,East,Basic,24,6400,2023-06-01,0.0,1.0,39.27,0.28,19.33,0,0.0,2.92,59.97,61.33,50.0,35.9,At-Risk,0,0,0.794,25.6,Not Ready,RESCUE
CUST_0337,Vega Retail,Retail,SMB,North,Pro,27,18552,2024-02-01,0.88,11.0,16.33,0.23,4.67,0,0.04,89.06,79.39,90.67,54.35,81.8,Healthy,0,0,0.238,75.1,Expansion-Ready,EXPAND
CUST_0338,Lotus Solutions,Manufacturing,Enterprise,South,Enterprise,478,514085,2024-06-01,0.9,9.67,23.83,0.33,3.33,0,-0.07,86.62,68.75,93.33,43.23,77.0,Healthy,0,0,0.247,69.9,Expansion-Ready,EXPAND
CUST_0339,Echo0 Networks,Retail,SMB,North,Basic,32,9030,2024-02-01,0.27,2.0,47.87,0.41,17.33,0,-0.3,23.44,47.16,65.33,20.0,37.2,At-Risk,1,2024-07-01,0.72,17.7,Not Ready,RESCUE
CUST_0340,Acme Pvt Ltd,Manufacturing,SMB,East,Enterprise,30,36623,2024-08-01,0.5,6.0,21.93,0.05,16.0,0,0.2,50.0,84.18,68.0,70.0,65.1,Stable,0,0,0.506,48.4,Not Ready,NURTURE
CUST_0341,Apex Solutions,IT Services,SMB,North,Basic,43,12519,2024-06-01,0.76,9.0,23.47,0.17,2.67,0,0.06,75.63,77.35,94.67,56.25,77.0,Healthy,0,0,0.29,67.6,Expansion-Ready,EXPAND
CUST_0342,Prime Labs,Healthcare,Mid,South,Pro,69,40097,2023-06-01,0.01,0.33,85.17,0.95,22.0,0,0.0,1.91,2.5,56.0,50.0,20.1,At-Risk,1,2024-11-01,0.904,19.1,Not Ready,RESCUE
CUST_0343,Vega Systems,Manufacturing,SMB,South,Pro,36,23039,2024-02-01,0.8,8.33,14.37,0.38,0.0,0,0.04,76.06,73.63,100.0,53.57,76.9,Healthy,0,0,0.227,70.8,Expansion-Ready,EXPAND
CUST_0344,Bharat Systems,Retail,Mid,East,Enterprise,55,61560,2024-03-01,0.86,10.0,21.87,0.43,4.33,0,0.09,85.11,65.43,91.33,59.09,77.5,Healthy,0,0,0.261,75.1,Expansion-Ready,EXPAND
CUST_0345,Vertex Technologies,IT Services,SMB,West,Basic,41,11571,2023-05-01,0.88,10.67,19.27,0.29,4.0,0,0.18,88.18,74.49,92.0,68.18,82.5,Healthy,0,0,0.243,82.4,Expansion-Ready,EXPAND
CUST_0346,Prime Logistics,Manufacturing,SMB,South,Basic,36,10775,2024-07-01,0.92,11.0,17.63,0.18,0.67,0,0.03,91.67,80.88,98.67,53.03,84.6,Healthy,0,0,0.205,79.6,Expansion-Ready,EXPAND
CUST_0347,Pulse Logistics,BFSI,SMB,North,Pro,37,23961,2023-05-01,0.36,4.67,34.43,0.25,3.0,0,0.0,37.03,65.12,94.0,50.0,57.4,Stable,0,0,0.508,40.7,Not Ready,RESCUE
CUST_0348,Echo0 Systems,EdTech,SMB,East,Pro,26,14656,2023-09-01,0.73,8.67,26.4,0.33,5.0,0,-0.14,72.78,66.86,90.0,35.71,69.2,Stable,0,0,0.331,52.5,Not Ready,EXPAND
CUST_0349,Indus Logistics,IT Services,SMB,South,Pro,40,25890,2024-11-01,0.94,11.33,19.6,0.0,2.67,0,0.05,94.26,88.53,94.67,55.26,87.1,Healthy,0,0,0.216,81.5,Expansion-Ready,EXPAND
CUST_0350,Apex Pvt Ltd,IT Services,SMB,North,Basic,30,9821,2025-01-01,1.0,11.0,25.0,0.0,0.0,0,0.0,97.08,84.56,100.0,50.0,87.5,Healthy,0,0,0.199,83.9,Expansion-Ready,EXPAND
CUST_0351,Pulse Industries,EdTech,Mid,North,Pro,69,47543,2023-09-01,0.77,9.67,14.9,0.15,0.0,0,0.0,78.44,84.29,100.0,50.0,79.9,Healthy,1,2023-12-01,0.238,67.6,Not Ready,EXPAND
CUST_0352,Quanta Labs,Healthcare,SMB,West,Pro,46,24642,2023-09-01,0.02,0.67,69.37,0.71,21.33,1,0.0,3.36,16.22,33.33,50.0,19.6,At-Risk,0,0,0.872,19.8,Not Ready,RESCUE
CUST_0353,Stellar Solutions,IT Services,Mid,South,Enterprise,51,63285,2023-09-01,0.45,6.33,29.63,0.15,10.0,0,-0.08,47.79,73.46,80.0,42.31,59.8,Stable,1,2024-03-01,0.509,35.0,Not Ready,RESCUE
CUST_0354,Apex Solutions,Manufacturing,SMB,North,Basic,39,11019,2023-09-01,0.71,9.0,19.67,0.0,1.33,0,0.12,72.36,88.48,97.33,62.0,79.8,Healthy,0,0,0.285,68.8,Expansion-Ready,EXPAND
CUST_0355,Zenith Networks,Healthcare,SMB,West,Basic,47,12310,2024-12-01,0.48,5.5,33.95,0.25,10.0,0,0.14,47.16,65.48,80.0,64.29,60.9,Stable,0,0,0.514,46.2,Not Ready,RESCUE
CUST_0356,Zenith Industries,EdTech,SMB,West,Basic,11,3203,2024-04-01,0.73,8.67,15.67,0.05,0.33,0,0.0,72.55,88.79,99.33,50.0,78.6,Healthy,0,0,0.257,64.5,Not Ready,EXPAND
CUST_0357,Acme Technologies,Retail,SMB,South,Basic,36,11069,2023-08-01,0.86,10.67,12.63,0.38,0.67,0,0.03,87.08,74.9,98.67,53.33,81.3,Healthy,0,0,0.208,75.1,Expansion-Ready,EXPAND
CUST_0358,Prime Industries,BFSI,Enterprise,West,Pro,221,129263,2024-11-01,0.91,11.67,15.8,0.18,3.67,0,0.03,93.05,82.23,92.67,53.45,84.3,Healthy,0,0,0.22,77.7,Expansion-Ready,EXPAND
CUST_0359,Crest Solutions,Healthcare,SMB,South,Pro,19,11586,2024-09-01,0.61,6.67,41.73,0.38,3.0,0,-0.08,59.36,53.02,94.0,41.67,62.0,Stable,0,0,0.429,45.7,Not Ready,RESCUE
CUST_0360,Quanta Solutions,Healthcare,Mid,East,Pro,129,77868,2024-02-01,0.83,10.0,16.13,0.07,0.33,0,-0.01,82.91,87.75,99.33,49.07,82.3,Healthy,0,0,0.225,71.4,Expansion-Ready,EXPAND
CUST_0361,Stellar Technologies,BFSI,SMB,North,Basic,43,13401,2023-12-01,0.78,9.33,23.2,0.25,0.33,0,-0.11,78.11,73.38,99.33,38.57,75.2,Healthy,0,0,0.265,61.0,Not Ready,EXPAND
CUST_0362,Prime Industries,Logistics,SMB,West,Basic,38,10634,2023-07-01,0.89,10.0,26.27,0.07,5.0,0,-0.03,87.32,80.06,90.0,47.14,80.0,Healthy,0,0,0.27,71.2,Expansion-Ready,EXPAND
CUST_0363,Acme Logistics,Retail,SMB,East,Pro,14,7348,2023-12-01,0.19,2.67,90.53,0.96,18.33,0,0.5,20.16,1.92,63.33,100.0,36.2,At-Risk,1,2024-06-01,0.868,34.9,Not Ready,RESCUE
CUST_0364,Prime Systems,Healthcare,Enterprise,East,Enterprise,300,407842,2024-08-01,0.64,7.67,23.23,0.13,2.33,0,-0.1,63.96,79.19,95.33,40.31,70.5,Healthy,0,0,0.333,50.3,Not Ready,EXPAND
CUST_0365,Bright Industries,Manufacturing,SMB,North,Basic,32,9276,2025-01-01,0.69,8.0,16.0,0.14,1.0,0,0.0,68.02,84.03,98.0,50.0,75.3,Healthy,0,0,0.276,60.8,Not Ready,EXPAND
CUST_0366,Nova Enterprises,IT Services,Enterprise,North,Enterprise,301,389486,2024-06-01,0.75,9.0,15.07,0.14,4.67,0,0.04,75.2,85.04,90.67,54.2,77.6,Healthy,0,0,0.278,65.7,Expansion-Ready,EXPAND
CUST_0367,Orbit Systems,BFSI,SMB,West,Pro,28,19317,2024-06-01,0.21,2.0,53.4,0.48,22.67,0,0.2,19.76,39.48,54.67,70.0,39.2,At-Risk,1,2024-12-01,0.793,35.3,Not Ready,RESCUE
CUST_0368,Pulse Enterprises,Manufacturing,Enterprise,South,Enterprise,346,448928,2023-10-01,0.4,5.0,34.33,0.19,10.67,0,-0.07,40.57,68.17,78.67,42.99,55.5,Stable,0,0,0.558,33.4,Not Ready,RESCUE
CUST_0369,Vertex Systems,IT Services,Mid,North,Enterprise,150,164447,2023-10-01,0.89,10.33,20.1,0.11,7.33,0,0.12,87.77,82.61,85.33,62.5,82.2,Healthy,0,0,0.265,78.5,Expansion-Ready,EXPAND
CUST_0370,Quanta Industries,Healthcare,Mid,South,Pro,137,77152,2025-01-01,0.9,12.0,15.0,0.33,1.0,0,0.0,93.36,75.25,98.0,50.0,83.3,Healthy,0,0,0.205,76.4,Expansion-Ready,EXPAND
CUST_0371,Acme Retail,Manufacturing,Mid,West,Pro,120,69734,2023-09-01,0.79,9.67,15.1,0.07,4.0,0,0.0,79.47,88.5,92.0,50.0,79.8,Healthy,0,0,0.259,67.1,Expansion-Ready,EXPAND
CUST_0372,Bharat Labs,Logistics,SMB,South,Basic,22,5830,2023-11-01,0.18,2.33,34.47,0.15,12.0,0,0.67,18.62,69.91,76.0,100.0,55.1,Stable,1,2024-12-01,0.663,44.8,Not Ready,RESCUE
CUST_0373,Sankalp Networks,EdTech,SMB,North,Basic,47,12066,2023-05-01,0.48,5.67,36.93,0.27,3.67,0,0.14,47.41,62.32,92.67,64.29,62.7,Stable,1,2023-10-01,0.471,49.4,Not Ready,RESCUE
CUST_0374,Indus Enterprises,Healthcare,Mid,South,Pro,152,93802,2025-01-01,0.72,8.0,22.6,0.0,0.0,0,0.0,69.95,86.32,100.0,50.0,77.1,Healthy,0,0,0.282,63.2,Not Ready,EXPAND
CUST_0375,Prime Pvt Ltd,Healthcare,Mid,South,Pro,115,74671,2024-04-01,0.49,5.33,30.13,0.13,5.67,0,-0.07,47.58,74.12,88.67,43.33,61.8,Stable,0,0,0.454,38.2,Not Ready,RESCUE
CUST_0376,Zenith Labs,IT Services,Enterprise,East,Pro,381,220547,2023-10-01,0.82,9.67,23.63,0.3,5.33,0,-0.16,81.76,70.56,89.33,34.16,73.3,Healthy,0,0,0.288,58.4,Not Ready,EXPAND
CUST_0377,Bharat Labs,Healthcare,SMB,North,Pro,34,20509,2024-09-01,0.31,3.67,50.17,0.53,23.33,0,0.11,31.09,39.74,53.33,61.11,42.2,Stable,1,2024-12-01,0.756,31.9,Not Ready,RESCUE
CUST_0378,Acme Industries,Retail,Enterprise,West,Enterprise,311,378458,2023-09-01,0.77,8.33,14.2,0.23,1.0,0,-0.1,74.19,80.96,98.0,39.96,75.5,Healthy,0,0,0.243,61.1,Not Ready,EXPAND
CUST_0379,Zenith Solutions,Healthcare,SMB,North,Basic,31,10414,2023-10-01,0.91,10.67,19.47,0.06,0.0,0,-0.04,90.52,85.69,100.0,46.43,84.6,Healthy,0,0,0.209,75.6,Expansion-Ready,EXPAND
CUST_0380,Drift Solutions,EdTech,Mid,East,Enterprise,54,73406,2023-06-01,0.91,11.0,22.2,0.18,5.67,0,0.08,91.47,77.53,88.67,58.33,82.5,Healthy,0,0,0.254,78.5,Expansion-Ready,EXPAND
CUST_0381,Pulse Networks,Retail,Mid,South,Pro,72,39640,2024-01-01,0.72,8.67,15.4,0.0,1.33,0,-0.12,71.92,91.62,97.33,38.46,76.9,Healthy,0,0,0.266,57.0,Not Ready,EXPAND
CUST_0382,Quanta Retail,BFSI,Mid,East,Pro,95,65236,2023-09-01,0.07,0.67,63.67,0.59,17.67,0,-0.27,6.73,26.86,64.67,22.73,25.8,At-Risk,1,2024-03-01,0.832,13.1,Not Ready,RESCUE
CUST_0383,Vega Enterprises,IT Services,Mid,South,Pro,115,77641,2025-01-01,0.78,10.0,17.9,0.5,1.0,0,0.0,80.04,64.78,98.0,50.0,75.3,Healthy,0,0,0.252,66.5,Expansion-Ready,EXPAND
CUST_0384,Acme Solutions,IT Services,Mid,East,Basic,164,51132,2023-12-01,0.71,9.0,25.43,0.2,4.0,0,0.08,72.62,74.24,92.0,58.11,74.7,Healthy,0,0,0.327,64.0,Not Ready,EXPAND
CUST_0385,Vertex Systems,IT Services,Mid,South,Enterprise,111,151673,2023-07-01,0.64,6.33,23.77,0.2,13.0,0,0.03,60.05,75.47,74.0,52.9,65.6,Stable,1,2023-10-01,0.425,50.6,Not Ready,NURTURE
CUST_0386,Quanta Technologies,Retail,Mid,West,Pro,96,49718,2023-07-01,0.9,11.33,19.83,0.07,6.0,0,-0.17,91.28,85.02,88.0,32.61,80.3,Healthy,0,0,0.251,64.8,Not Ready,EXPAND
CUST_0387,Stellar Retail,EdTech,Enterprise,West,Enterprise,250,276777,2023-07-01,0.12,0.67,37.53,0.26,10.0,0,1.0,9.48,62.44,80.0,100.0,50.4,Stable,0,0,0.683,44.0,Not Ready,RESCUE
CUST_0388,Orbit Enterprises,Logistics,Enterprise,East,Enterprise,387,474088,2023-12-01,0.81,9.67,19.07,0.15,2.0,0,0.1,81.05,81.42,96.0,60.03,81.0,Healthy,0,0,0.252,74.4,Expansion-Ready,EXPAND
CUST_0389,Bharat Logistics,Manufacturing,SMB,East,Pro,47,32270,2023-05-01,0.41,5.33,25.47,0.16,7.67,0,-0.14,42.29,76.32,84.67,35.71,58.3,Stable,1,2024-03-01,0.487,32.7,Not Ready,RESCUE
CUST_0390,Zenith Industries,Manufacturing,SMB,South,Enterprise,26,31400,2023-03-01,0.82,11.0,14.3,0.08,2.67,0,0.05,85.42,88.26,94.67,54.76,83.4,Healthy,0,0,0.238,73.1,Expansion-Ready,EXPAND
CUST_0391,Pulse Technologies,EdTech,SMB,West,Basic,41,11311,2023-12-01,0.46,6.0,24.17,0.11,7.0,0,-0.19,47.62,79.91,86.0,30.95,60.9,Stable,1,2024-08-01,0.453,31.6,Not Ready,RESCUE
CUST_0392,Bright Retail,Manufacturing,Mid,West,Enterprise,136,168246,2023-06-01,0.66,8.0,42.67,0.38,12.33,0,-0.03,66.03,52.82,75.33,46.63,61.7,Stable,1,2023-10-01,0.494,47.0,Not Ready,RESCUE
CUST_0393,Zenith Industries,EdTech,Enterprise,South,Enterprise,455,500476,2023-09-01,0.1,2.0,38.17,0.33,9.67,0,2.12,12.31,58.21,80.67,100.0,50.6,Stable,0,0,0.69,44.1,Not Ready,RESCUE
CUST_0394,Nova Enterprises,IT Services,SMB,West,Basic,38,11955,2023-11-01,0.95,11.33,19.87,0.09,3.0,0,0.06,94.63,83.79,94.0,55.56,85.9,Healthy,0,0,0.216,82.2,Expansion-Ready,EXPAND
CUST_0395,Prime Logistics,Healthcare,Enterprise,West,Enterprise,234,242463,2023-08-01,0.8,9.33,25.53,0.18,4.0,0,-0.12,79.17,75.34,92.0,38.12,74.6,Healthy,0,0,0.293,59.9,Not Ready,EXPAND
CUST_0396,Prime Solutions,Manufacturing,Mid,West,Enterprise,149,182936,2024-03-01,0.54,7.67,27.6,0.11,11.0,0,0.12,57.26,77.09,78.0,62.16,67.1,Stable,0,0,0.468,49.5,Not Ready,NURTURE
CUST_0397,Lotus Retail,Healthcare,SMB,East,Basic,36,11925,2023-02-01,0.15,1.67,95.8,0.97,26.33,0,-0.86,14.49,1.52,47.33,0.0,15.6,At-Risk,1,2023-07-01,0.912,6.4,Not Ready,RESCUE
CUST_0398,Zenith Pvt Ltd,Manufacturing,Mid,North,Basic,91,23499,2024-06-01,0.73,8.33,24.8,0.14,2.67,0,-0.03,71.92,77.56,94.67,47.01,74.1,Healthy,0,0,0.306,60.3,Not Ready,EXPAND
CUST_0399,Apex Networks,EdTech,Enterprise,East,Enterprise,397,485450,2024-10-01,0.7,8.33,16.13,0.15,1.33,0,0.19,69.66,83.58,97.33,69.35,78.6,Healthy,0,0,0.276,71.6,Expansion-Ready,EXPAND
CUST_0400,Orbit Labs,IT Services,SMB,West,Pro,16,10885,2023-09-01,0.77,9.0,12.5,0.11,1.67,0,0.08,76.35,88.19,96.67,58.33,80.7,Healthy,0,0,0.242,71.2,Expansion-Ready,EXPAND
CUST_0401,Stellar Logistics,BFSI,Mid,South,Pro,134,73276,2023-09-01,0.05,1.67,58.63,0.5,22.67,0,-0.79,8.09,34.83,54.67,0.0,22.9,At-Risk,1,2024-10-01,0.849,10.4,Not Ready,RESCUE
CUST_0402,Acme Logistics,BFSI,SMB,West,Basic,36,12228,2023-06-01,0.69,8.0,11.43,0.0,3.67,0,-0.12,67.87,94.53,92.67,38.46,75.1,Healthy,0,0,0.279,53.8,Not Ready,EXPAND
CUST_0403,Prime Industries,Manufacturing,Mid,West,Pro,74,48726,2023-03-01,0.76,8.67,14.6,0.13,4.33,0,0.0,74.76,85.54,91.33,50.0,77.1,Healthy,0,0,0.27,64.4,Not Ready,EXPAND
CUST_0404,Vertex Labs,Retail,SMB,South,Basic,14,4258,2023-10-01,0.0,0.0,42.23,0.3,8.33,0,0.0,0.0,56.89,83.33,50.0,38.4,At-Risk,0,0,0.732,30.8,Not Ready,RESCUE
CUST_0405,Echo0 Systems,BFSI,SMB,West,Basic,48,13553,2023-04-01,0.87,11.0,12.63,0.2,2.67,0,0.08,88.51,83.65,94.67,57.89,83.9,Healthy,0,0,0.217,78.0,Expansion-Ready,EXPAND
CUST_0406,Orbit Industries,Logistics,Enterprise,South,Enterprise,238,297649,2023-10-01,0.7,9.33,26.23,0.16,0.67,0,0.13,72.47,75.76,98.67,63.21,77.1,Healthy,1,2024-07-01,0.308,67.9,Not Ready,EXPAND
CUST_0407,Vega Systems,Healthcare,Enterprise,East,Pro,225,125743,2024-05-01,0.7,8.67,20.2,0.13,4.0,0,-0.15,70.83,81.42,92.0,34.88,72.3,Healthy,0,0,0.311,51.6,Not Ready,EXPAND
CUST_0408,Onyx Industries,BFSI,SMB,South,Basic,31,9552,2024-06-01,0.6,8.0,37.63,0.3,10.67,0,0.06,62.47,60.27,78.67,55.56,64.1,Stable,0,0,0.483,49.2,Not Ready,RESCUE
CUST_0409,Prime Retail,Healthcare,Mid,East,Pro,59,36763,2024-11-01,0.88,11.0,23.67,0.0,5.0,0,-0.09,89.37,85.54,90.0,40.74,81.2,Healthy,0,0,0.265,68.0,Expansion-Ready,EXPAND
CUST_0410,Nova Technologies,Retail,Mid,East,Pro,199,129455,2024-08-01,0.82,8.67,15.3,0.07,1.0,0,-0.06,78.3,88.36,98.0,44.05,79.6,Healthy,0,0,0.23,67.3,Expansion-Ready,EXPAND
CUST_0411,Acme Industries,Logistics,Mid,East,Basic,154,40631,2023-07-01,0.69,8.33,15.43,0.05,6.0,0,0.14,69.33,89.21,88.0,64.43,77.3,Healthy,0,0,0.311,66.1,Expansion-Ready,EXPAND
CUST_0412,Lotus Systems,IT Services,Enterprise,West,Basic,281,72967,2023-10-01,0.89,10.33,15.0,0.07,2.67,0,0.04,87.81,88.58,94.67,53.78,84.3,Healthy,0,0,0.218,77.3,Expansion-Ready,EXPAND
CUST_0413,Vega Industries,Retail,Enterprise,North,Pro,203,131472,2024-05-01,0.52,6.0,24.77,0.04,1.33,0,0.12,51.23,82.94,97.33,61.76,70.0,Healthy,0,0,0.38,53.6,Not Ready,EXPAND
CUST_0414,Crest Technologies,EdTech,SMB,East,Basic,24,6956,2023-05-01,0.25,3.67,81.63,0.83,9.67,0,-0.56,26.94,8.33,80.67,0.0,29.0,At-Risk,1,2023-11-01,0.787,17.2,Not Ready,RESCUE
CUST_0415,Nova Pvt Ltd,EdTech,Mid,North,Pro,128,87634,2024-12-01,0.79,10.0,6.85,0.11,1.0,0,0.05,80.2,92.35,98.0,55.1,83.0,Healthy,0,0,0.213,72.1,Expansion-Ready,EXPAND
CUST_0416,Acme Labs,EdTech,Mid,West,Pro,171,103853,2024-10-01,0.68,7.33,23.63,0.11,1.33,0,-0.11,65.86,80.01,97.33,38.52,71.6,Healthy,0,0,0.311,53.1,Not Ready,EXPAND
CUST_0417,Bharat Networks,Retail,Enterprise,West,Enterprise,213,272041,2024-08-01,0.83,10.67,16.73,0.11,4.67,0,0.12,85.33,85.08,90.67,61.9,82.8,Healthy,0,0,0.256,76.1,Expansion-Ready,EXPAND
CUST_0418,Quanta Industries,IT Services,Mid,West,Enterprise,52,65633,2023-06-01,0.88,10.67,22.27,0.18,8.33,0,0.07,88.19,77.48,83.33,56.67,79.8,Healthy,0,0,0.283,74.2,Expansion-Ready,EXPAND
CUST_0419,Drift Pvt Ltd,Healthcare,Enterprise,North,Enterprise,314,422704,2024-07-01,0.83,8.67,15.03,0.08,3.0,0,0.18,78.96,87.72,94.0,67.99,82.5,Healthy,0,0,0.239,79.8,Expansion-Ready,EXPAND
CUST_0420,Prime Systems,Retail,Mid,North,Pro,176,95824,2024-01-01,0.39,4.0,32.57,0.21,3.0,0,-0.32,37.03,68.58,94.0,17.95,53.4,Stable,0,0,0.486,30.1,Not Ready,RESCUE
CUST_0421,Crest Enterprises,EdTech,Mid,South,Pro,128,70973,2023-02-01,0.93,11.33,23.17,0.11,6.0,0,-0.06,93.32,80.35,88.0,44.26,81.7,Healthy,0,0,0.253,72.4,Expansion-Ready,EXPAND
CUST_0422,Lotus Retail,IT Services,SMB,East,Basic,11,3182,2023-02-01,0.73,9.0,19.07,0.1,8.33,0,0.0,73.52,83.92,83.33,50.0,74.6,Healthy,0,0,0.328,59.8,Not Ready,EXPAND
CUST_0423,Drift Pvt Ltd,Logistics,Mid,East,Enterprise,64,83372,2025-01-01,0.73,8.0,19.6,0.0,3.0,0,0.0,71.07,88.53,94.0,50.0,76.9,Healthy,0,0,0.289,62.7,Not Ready,EXPAND
CUST_0424,Zenith Systems,Logistics,SMB,North,Basic,17,5128,2024-06-01,0.2,2.0,61.17,0.64,10.33,0,0.0,18.58,26.15,79.33,50.0,37.3,At-Risk,0,0,0.742,29.8,Not Ready,RESCUE
CUST_0425,Prime Technologies,Healthcare,Enterprise,East,Enterprise,369,469973,2023-10-01,0.83,9.67,13.63,0.0,7.33,0,-0.08,82.27,92.92,85.33,41.67,79.5,Healthy,0,0,0.263,64.3,Not Ready,EXPAND
CUST_0426,Bright Systems,IT Services,SMB,South,Basic,19,6110,2023-03-01,0.09,1.33,50.27,0.48,9.33,0,-1.0,9.59,42.07,81.33,0.0,30.6,At-Risk,1,2024-03-01,0.736,18.5,Not Ready,RESCUE
CUST_0427,Stellar Systems,Healthcare,Mid,West,Basic,89,30108,2024-09-01,0.75,9.0,8.87,0.08,0.33,0,-0.03,74.7,92.58,99.33,47.06,79.9,Healthy,0,0,0.228,64.9,Not Ready,EXPAND
CUST_0428,Apex Systems,BFSI,SMB,East,Pro,44,24557,2023-03-01,0.32,3.0,86.37,1.0,24.0,2,-0.44,29.43,0.0,28.0,6.25,18.3,At-Risk,1,2023-05-01,0.856,9.7,Not Ready,RESCUE
CUST_0429,Zenith Retail,Retail,Mid,East,Pro,146,82683,2023-05-01,0.02,1.67,53.9,0.52,11.0,0,0.0,6.2,37.38,78.0,50.0,34.9,At-Risk,1,2024-02-01,0.782,28.3,Not Ready,RESCUE
CUST_0430,Onyx Labs,EdTech,SMB,West,Pro,19,10418,2024-08-01,0.74,9.0,18.77,0.14,2.33,0,0.0,74.14,82.0,95.33,50.0,76.7,Healthy,0,0,0.278,63.6,Not Ready,EXPAND
CUST_0431,Prime Retail,BFSI,Mid,North,Pro,148,76825,2023-02-01,0.64,8.33,16.3,0.06,3.67,0,0.0,65.74,88.01,92.67,50.0,74.3,Healthy,0,0,0.316,56.0,Not Ready,EXPAND
CUST_0432,Sankalp Networks,IT Services,Mid,West,Enterprise,133,154765,2024-02-01,0.91,12.0,23.13,0.08,4.33,0,0.0,94.3,82.09,91.33,50.0,84.0,Healthy,0,0,0.248,75.4,Expansion-Ready,EXPAND
CUST_0433,Drift Labs,BFSI,Mid,North,Basic,124,36458,2023-04-01,0.88,9.67,17.83,0.14,6.0,0,-0.12,85.68,82.69,88.0,38.03,78.2,Healthy,0,0,0.251,65.6,Expansion-Ready,EXPAND
CUST_0434,Prime Enterprises,Retail,SMB,South,Pro,24,14454,2024-08-01,0.62,8.0,29.53,0.21,2.67,0,-0.24,63.96,70.51,94.67,26.47,66.1,Stable,0,0,0.369,42.3,Not Ready,EXPAND
CUST_0435,Vega Technologies,Retail,Mid,South,Basic,89,29723,2024-09-01,0.36,4.0,84.63,0.9,9.67,0,-0.13,35.04,4.76,80.67,36.67,36.8,At-Risk,0,0,0.762,23.0,Not Ready,RESCUE
CUST_0436,Acme Solutions,IT Services,SMB,West,Basic,43,12741,2023-04-01,0.02,0.0,107.33,1.0,23.0,2,0.0,1.51,0.0,30.0,50.0,14.1,At-Risk,1,2024-12-01,0.935,17.5,Not Ready,RESCUE
CUST_0437,Sankalp Logistics,Logistics,SMB,South,Pro,27,17769,2024-02-01,0.04,0.33,89.53,0.94,25.0,0,0.0,3.38,2.86,50.0,50.0,19.6,At-Risk,0,0,0.915,17.8,Not Ready,RESCUE
CUST_0438,Bright Technologies,Retail,Mid,North,Enterprise,170,191239,2024-03-01,0.8,10.33,16.7,0.06,2.67,0,-0.16,82.39,87.88,94.67,34.46,79.0,Healthy,0,0,0.252,60.1,Not Ready,EXPAND
CUST_0439,Orbit Enterprises,Logistics,Mid,West,Pro,139,92537,2023-02-01,0.61,7.67,11.3,0.11,0.67,0,0.04,61.8,89.37,98.67,53.53,74.8,Healthy,0,0,0.286,57.8,Not Ready,EXPAND
CUST_0440,Quanta Retail,Logistics,Mid,West,Pro,52,28844,2023-07-01,0.31,4.0,16.87,0.04,3.33,0,-0.06,32.08,88.46,93.33,43.75,60.2,Stable,0,0,0.455,39.1,Not Ready,RESCUE
CUST_0441,Indus Networks,Retail,SMB,North,Basic,24,7901,2024-11-01,0.57,7.0,24.97,0.07,2.33,0,-0.13,57.43,81.25,95.33,36.67,67.9,Stable,0,0,0.368,43.4,Not Ready,EXPAND
CUST_0442,Vega Technologies,BFSI,SMB,East,Basic,16,4787,2023-05-01,0.0,0.33,74.87,0.79,16.67,0,0.0,0.97,10.42,66.67,50.0,23.8,At-Risk,1,2024-11-01,0.869,22.4,Not Ready,RESCUE
CUST_0443,Prime Networks,Healthcare,SMB,North,Pro,10,5301,2023-06-01,0.77,9.0,16.33,0.2,1.33,0,0.0,76.08,80.93,97.33,50.0,77.6,Healthy,0,0,0.252,66.4,Expansion-Ready,EXPAND
CUST_0444,Orbit Technologies,Healthcare,Mid,West,Enterprise,159,187720,2023-05-01,0.79,10.33,23.03,0.09,0.67,0,-0.03,81.24,81.46,98.67,46.88,79.6,Healthy,0,0,0.264,66.6,Expansion-Ready,EXPAND
CUST_0445,Lotus Industries,IT Services,SMB,West,Basic,32,10298,2024-09-01,0.29,4.0,48.6,0.41,25.33,0,-0.33,30.62,46.75,49.33,16.67,36.3,At-Risk,0,0,0.77,14.1,Not Ready,RESCUE
CUST_0446,Pulse Technologies,Retail,Mid,North,Pro,183,105004,2023-11-01,0.96,11.0,30.1,0.25,4.0,0,-0.04,94.24,68.31,92.0,46.09,80.1,Healthy,0,0,0.252,75.5,Expansion-Ready,EXPAND
CUST_0447,Stellar Systems,Manufacturing,Enterprise,South,Enterprise,206,247432,2024-11-01,0.3,4.33,53.5,0.46,16.0,0,-0.36,32.2,40.53,68.0,13.64,38.7,At-Risk,0,0,0.72,18.5,Not Ready,RESCUE
CUST_0448,Stellar Labs,BFSI,Enterprise,North,Enterprise,276,355876,2024-11-01,0.5,5.33,22.37,0.08,11.67,0,-0.16,47.74,82.5,76.67,34.0,60.2,Stable,0,0,0.469,31.1,Not Ready,RESCUE
CUST_0449,Quanta Labs,Logistics,Mid,North,Pro,166,88172,2024-06-01,0.58,7.33,44.7,0.38,11.67,0,-0.24,59.11,51.03,76.67,25.93,55.6,Stable,1,2024-09-01,0.533,31.8,Not Ready,RESCUE
CUST_0450,Indus Networks,EdTech,Mid,South,Pro,68,41306,2024-06-01,0.49,5.67,40.63,0.32,14.0,0,-0.19,48.39,57.27,72.0,30.56,52.7,Stable,1,2024-11-01,0.575,25.4,Not Ready,RESCUE
CUST_0451,Sankalp Industries,BFSI,SMB,East,Basic,45,12333,2023-12-01,0.56,6.0,33.03,0.2,10.33,0,0.0,54.09,68.65,79.33,50.0,62.2,Stable,0,0,0.477,43.6,Not Ready,RESCUE
CUST_0452,Quanta Enterprises,BFSI,SMB,North,Basic,28,9028,2025-01-01,0.43,5.0,71.3,0.7,23.0,0,0.0,42.44,15.51,54.0,50.0,39.2,At-Risk,0,0,0.783,25.4,Not Ready,RESCUE
CUST_0453,Acme Solutions,Logistics,SMB,East,Pro,28,16355,2023-11-01,0.8,9.67,24.6,0.21,2.0,0,0.0,80.04,74.14,96.0,50.0,77.3,Healthy,1,2024-04-01,0.275,67.5,Not Ready,EXPAND
CUST_0454,Onyx Technologies,Manufacturing,Mid,West,Pro,179,108447,2024-02-01,0.96,11.33,26.67,0.14,2.33,0,-0.09,95.27,76.19,95.33,41.43,82.4,Healthy,0,0,0.23,74.5,Expansion-Ready,EXPAND
CUST_0455,Lotus Labs,Logistics,Enterprise,North,Pro,495,314113,2023-08-01,0.85,9.0,9.73,0.33,1.33,0,-0.04,81.71,79.12,97.33,45.82,78.8,Healthy,0,0,0.206,70.2,Expansion-Ready,EXPAND
CUST_0456,Prime Enterprises,EdTech,Mid,North,Pro,108,63230,2024-06-01,0.89,11.0,27.67,0.18,2.67,0,0.2,89.66,73.51,94.67,70.22,83.7,Healthy,0,0,0.259,84.6,Expansion-Ready,EXPAND
CUST_0457,Stellar Pvt Ltd,Retail,SMB,North,Pro,38,24090,2024-05-01,0.58,6.67,30.8,0.31,3.33,0,-0.17,57.08,64.91,93.33,33.33,62.7,Stable,1,2025-01-01,0.397,39.9,Not Ready,MONITOR
CUST_0458,Stellar Industries,IT Services,Mid,North,Pro,130,69280,2024-11-01,0.94,10.33,18.7,0.1,3.0,0,0.1,91.14,84.19,94.0,60.17,85.3,Healthy,0,0,0.216,83.5,Expansion-Ready,EXPAND
CUST_0459,Sankalp Enterprises,Logistics,SMB,East,Basic,11,3284,2023-12-01,0.42,4.67,37.17,0.26,12.0,0,0.0,41.19,62.65,76.0,50.0,54.8,Stable,1,2024-12-01,0.573,36.1,Not Ready,RESCUE
CUST_0460,Vega Enterprises,Healthcare,SMB,East,Basic,11,3673,2024-01-01,0.09,0.0,79.3,0.8,5.0,0,0.0,5.91,9.76,90.0,50.0,30.3,At-Risk,1,2025-01-01,0.8,28.9,Not Ready,RESCUE
CUST_0461,Drift Networks,Manufacturing,SMB,East,Basic,27,8838,2024-04-01,0.84,10.67,17.47,0.18,0.0,0,0.1,85.68,81.01,100.0,59.52,83.5,Healthy,0,0,0.224,77.9,Expansion-Ready,EXPAND
CUST_0462,Drift Networks,BFSI,SMB,East,Basic,23,6007,2023-05-01,0.17,2.0,99.13,1.0,11.67,0,-0.25,17.14,0.0,76.67,25.0,25.9,At-Risk,1,2024-03-01,0.863,14.6,Not Ready,RESCUE
CUST_0463,Zenith Pvt Ltd,BFSI,Enterprise,West,Enterprise,435,575608,2023-10-01,0.91,11.0,16.63,0.11,0.0,0,-0.14,91.26,85.16,100.0,35.61,83.1,Healthy,0,0,0.201,70.4,Expansion-Ready,EXPAND
CUST_0464,Lotus Industries,Logistics,SMB,West,Basic,17,5173,2024-05-01,0.33,4.33,43.17,0.32,16.33,1,-0.17,34.31,55.02,43.33,33.33,41.1,Stable,1,2024-09-01,0.672,19.7,Not Ready,RESCUE
CUST_0465,Stellar Systems,Manufacturing,SMB,South,Basic,46,14682,2023-08-01,0.67,8.67,30.47,0.2,5.67,0,0.07,68.61,70.54,88.67,56.67,71.3,Healthy,1,2023-10-01,0.377,59.0,Not Ready,EXPAND
CUST_0466,Bright Labs,Manufacturing,Enterprise,South,Enterprise,415,488014,2023-05-01,0.87,10.0,18.03,0.17,1.67,0,0.18,85.81,81.35,96.67,67.58,84.1,Healthy,0,0,0.227,83.3,Expansion-Ready,EXPAND
CUST_0467,Onyx Pvt Ltd,EdTech,Mid,North,Pro,126,80507,2024-11-01,0.75,8.67,21.27,0.2,2.67,0,-0.07,73.77,77.3,94.67,43.0,74.2,Healthy,0,0,0.286,59.9,Not Ready,EXPAND
CUST_0468,Indus Technologies,Logistics,SMB,South,Basic,11,3703,2024-01-01,0.21,2.33,90.07,0.92,23.67,3,-0.33,20.59,4.17,28.67,16.67,17.5,At-Risk,1,2024-04-01,0.884,9.1,Not Ready,RESCUE
CUST_0469,Vertex Enterprises,BFSI,SMB,East,Basic,35,11944,2024-06-01,0.86,10.67,12.17,0.0,2.0,0,-0.1,86.83,94.0,96.0,40.32,83.5,Healthy,0,0,0.214,68.6,Expansion-Ready,EXPAND
CUST_0470,Sankalp Retail,BFSI,Enterprise,South,Pro,422,255381,2024-10-01,0.6,6.67,30.77,0.16,9.0,0,-0.12,58.62,72.42,82.0,37.91,63.6,Stable,0,0,0.438,41.3,Not Ready,RESCUE
CUST_0471,Vertex Pvt Ltd,Healthcare,SMB,South,Pro,24,14233,2024-12-01,0.25,3.5,91.55,0.96,8.5,0,-0.29,26.46,2.17,83.0,21.43,30.9,At-Risk,0,0,0.809,17.8,Not Ready,RESCUE
CUST_0472,Vertex Labs,EdTech,Mid,East,Pro,78,46294,2024-11-01,0.88,9.33,13.0,0.33,0.67,0,0.17,84.17,76.72,98.67,67.19,82.7,Healthy,0,0,0.203,83.7,Expansion-Ready,EXPAND
CUST_0473,Sankalp Pvt Ltd,BFSI,Mid,North,Enterprise,170,221366,2025-01-01,0.88,11.0,17.9,0.0,7.0,0,0.0,89.44,89.78,86.0,50.0,82.9,Healthy,0,0,0.259,72.3,Expansion-Ready,EXPAND
CUST_0474,Acme Systems,Manufacturing,SMB,West,Pro,22,14565,2023-12-01,0.0,0.33,62.77,0.52,12.33,0,0.0,0.97,30.79,75.33,50.0,30.7,At-Risk,0,0,0.82,26.3,Not Ready,RESCUE
CUST_0475,Apex Logistics,BFSI,Enterprise,East,Enterprise,227,258232,2023-11-01,0.8,10.33,18.3,0.1,4.33,0,-0.01,82.44,84.49,91.33,49.42,79.8,Healthy,0,0,0.269,67.0,Expansion-Ready,EXPAND
CUST_0476,Echo0 Systems,EdTech,SMB,South,Basic,22,5654,2024-10-01,0.24,3.33,81.97,0.83,9.33,0,-0.33,25.48,8.33,81.33,16.67,31.0,At-Risk,1,2024-12-01,0.789,17.8,Not Ready,RESCUE
CUST_0477,Crest Technologies,Healthcare,SMB,West,Basic,44,11287,2025-01-01,0.64,8.0,5.4,0.0,0.0,0,0.0,64.7,98.97,100.0,50.0,78.1,Healthy,0,0,0.25,59.2,Not Ready,EXPAND
CUST_0478,Echo0 Enterprises,Healthcare,SMB,North,Pro,44,25725,2023-11-01,0.7,7.67,21.43,0.09,1.33,0,0.0,68.16,82.64,97.33,50.0,74.9,Healthy,0,0,0.295,60.9,Not Ready,EXPAND
CUST_0479,Drift Logistics,BFSI,Mid,West,Pro,69,43975,2023-12-01,0.37,5.0,96.8,0.96,14.33,0,-0.17,38.45,1.79,71.33,33.33,35.1,At-Risk,1,2024-04-01,0.822,18.2,Not Ready,RESCUE
CUST_0480,Echo0 Labs,Healthcare,SMB,South,Basic,43,13007,2023-06-01,0.18,2.33,73.23,0.69,21.0,0,-0.3,18.39,15.52,58.0,20.0,25.8,At-Risk,1,2024-01-01,0.844,11.8,Not Ready,RESCUE
CUST_0481,Indus Solutions,EdTech,Mid,East,Pro,163,110707,2024-03-01,0.52,6.33,38.2,0.28,11.0,0,-0.01,52.24,60.96,78.0,48.75,59.0,Stable,0,0,0.524,38.9,Not Ready,RESCUE
CUST_0482,Stellar Systems,Logistics,Enterprise,South,Pro,275,165017,2023-10-01,0.76,9.67,9.6,0.0,3.33,0,-0.0,77.91,95.88,93.33,49.54,81.2,Healthy,0,0,0.246,66.1,Expansion-Ready,EXPAND
CUST_0483,Crest Technologies,Manufacturing,SMB,South,Basic,16,4338,2024-01-01,0.4,5.0,68.2,0.7,5.33,0,-0.29,40.31,17.79,89.33,21.43,41.7,Stable,1,2024-03-01,0.656,23.8,Not Ready,RESCUE
CUST_0484,Vega Pvt Ltd,IT Services,SMB,West,Pro,29,14920,2023-12-01,0.31,4.33,40.43,0.29,10.0,0,-0.11,32.81,58.5,80.0,38.89,49.6,Stable,0,0,0.617,29.3,Not Ready,RESCUE
CUST_0485,Lotus Solutions,Manufacturing,Enterprise,North,Enterprise,331,451243,2024-02-01,0.68,7.67,15.73,0.06,3.67,0,-0.12,66.68,88.43,92.67,38.46,73.1,Healthy,0,0,0.299,52.4,Not Ready,EXPAND
CUST_0486,Quanta Systems,Healthcare,SMB,West,Basic,45,14474,2024-01-01,0.02,0.0,68.37,0.66,24.33,1,0.0,1.44,19.86,27.33,50.0,18.5,At-Risk,1,2025-01-01,0.882,19.4,Not Ready,RESCUE
CUST_0487,Onyx Industries,Manufacturing,SMB,East,Basic,35,10836,2024-09-01,0.73,9.0,26.33,0.15,6.67,0,0.12,73.92,76.08,86.67,62.0,75.2,Healthy,1,2024-11-01,0.344,66.2,Not Ready,EXPAND
CUST_0488,Apex Logistics,Healthcare,Enterprise,North,Enterprise,355,398717,2023-10-01,0.88,11.33,12.73,0.0,3.33,0,-0.01,90.43,93.58,93.33,49.03,85.6,Healthy,0,0,0.218,74.3,Expansion-Ready,EXPAND
CUST_0489,Sankalp Retail,Healthcare,Enterprise,East,Enterprise,439,545605,2024-04-01,0.76,8.67,24.57,0.12,1.0,0,-0.07,74.68,78.63,98.0,43.37,75.6,Healthy,0,0,0.282,61.4,Not Ready,EXPAND
CUST_0490,Sankalp Solutions,Logistics,SMB,East,Pro,21,13932,2024-08-01,0.21,2.0,96.57,1.0,23.33,0,0.0,19.25,0.0,53.33,50.0,25.9,At-Risk,0,0,0.895,20.3,Not Ready,RESCUE
CUST_0491,Bright Retail,BFSI,SMB,North,Basic,43,11178,2025-01-01,0.95,12.0,22.5,0.5,7.0,0,0.0,96.98,61.4,86.0,50.0,78.8,Healthy,0,0,0.25,75.6,Expansion-Ready,EXPAND
CUST_0492,Bharat Pvt Ltd,BFSI,Mid,West,Enterprise,87,119050,2023-09-01,0.41,4.0,45.23,0.35,7.33,0,-0.22,38.31,52.03,85.33,27.5,49.5,Stable,0,0,0.572,26.4,Not Ready,RESCUE
CUST_0493,Pulse Technologies,Healthcare,SMB,North,Basic,17,4366,2023-11-01,0.76,9.33,14.8,0.14,5.33,0,0.08,76.93,84.92,89.33,58.33,78.6,Healthy,0,0,0.278,68.3,Expansion-Ready,EXPAND
CUST_0494,Vertex Pvt Ltd,BFSI,SMB,West,Basic,45,14751,2024-07-01,0.13,1.33,69.23,0.69,7.67,0,-0.82,12.56,17.75,84.67,0.0,26.4,At-Risk,0,0,0.774,17.4,Not Ready,RESCUE
CUST_0495,Orbit Systems,Logistics,SMB,West,Pro,11,7009,2024-03-01,0.3,3.67,61.7,0.57,14.0,0,0.33,30.39,29.24,72.0,83.33,46.4,Stable,1,2024-07-01,0.735,40.9,Not Ready,RESCUE
CUST_0496,Prime Technologies,BFSI,SMB,East,Pro,33,18455,2024-12-01,0.92,10.0,24.4,0.4,1.5,0,0.1,89.24,65.0,97.0,60.34,80.4,Healthy,0,0,0.23,81.4,Expansion-Ready,EXPAND
CUST_0497,Crest Logistics,Healthcare,SMB,West,Basic,43,13770,2024-05-01,0.81,10.0,17.43,0.08,2.0,0,0.0,81.57,85.96,96.0,50.0,80.8,Healthy,0,0,0.247,69.4,Expansion-Ready,EXPAND
CUST_0498,Lotus Technologies,Retail,Mid,West,Pro,156,94667,2023-08-01,0.69,7.67,18.27,0.06,5.33,0,-0.1,67.36,86.73,89.33,40.09,72.5,Healthy,0,0,0.317,53.0,Not Ready,EXPAND
CUST_0499,Bharat Systems,EdTech,SMB,West,Basic,36,10705,2023-10-01,0.46,5.67,26.2,0.18,10.33,0,-0.11,46.62,74.85,79.33,39.47,59.1,Stable,1,2024-03-01,0.492,33.5,Not Ready,RESCUE
CUST_0500,Nova Enterprises,IT Services,SMB,West,Pro,44,23416,2023-08-01,0.02,1.0,53.97,0.44,22.33,0,0.0,4.39,41.38,55.33,50.0,30.7,At-Risk,1,2024-09-01,0.843,22.6,Not Ready,RESCUE
